Age,Attrition,BusinessTravel,Department,DistanceFromHome,Education,EducationField,EmployeeNumber,EnvironmentSatisfaction,Gender,JobInvolvement,JobLevel,JobRole,JobSatisfaction,MonthlyIncome,MonthlyRate,PercentSalaryHike,PerformanceRating,WorkLifeBalance,YearsAtCompany
41,Yes,Travel_Rarely,Sales,1,College,Life Sciences,1,Medium,Female,High,Junior,Sales Executive,Very High,5993,19479,11,Normal,Bad,6
49,No,Travel_Frequently,Research & Development,8,Below College,Life Sciences,2,High,Male,Medium,Junior,Research Scientist,Medium,5130,24907,23,Excellent,Better,10
37,Yes,Travel_Rarely,Research & Development,2,College,Other,4,Very High,Male,Medium,Entry,Laboratory Technician,High,2090,2396,15,Normal,Better,0
33,No,Travel_Frequently,Research & Development,3,Master,Life Sciences,5,Very High,Female,High,Entry,Research Scientist,High,2909,23159,11,Normal,Better,8
27,No,Travel_Rarely,Research & Development,2,Below College,Medical,7,Low,Male,High,Entry,Laboratory Technician,Medium,3468,16632,12,Normal,Better,2
32,No,Travel_Frequently,Research & Development,2,College,Life Sciences,8,Very High,Male,High,Entry,Laboratory Technician,Very High,3068,11864,13,Normal,Good,7
59,No,Travel_Rarely,Research & Development,3,Bachelor,Medical,10,High,Female,Very High,Entry,Laboratory Technician,Low,2670,9964,20,Excellent,Good,1
30,No,Travel_Rarely,Research & Development,24,Below College,Life Sciences,11,Very High,Male,High,Entry,Laboratory Technician,High,2693,13335,22,Excellent,Better,1
38,No,Travel_Frequently,Research & Development,23,Bachelor,Life Sciences,12,Very High,Male,Medium,Mid,Manufacturing Director,High,9526,8787,21,Excellent,Better,9
36,No,Travel_Rarely,Research & Development,27,Bachelor,Medical,13,High,Male,High,Junior,Healthcare Representative,High,5237,16577,13,Normal,Good,7
35,No,Travel_Rarely,Research & Development,16,Bachelor,Medical,14,Low,Male,Very High,Entry,Laboratory Technician,Medium,2426,16479,13,Normal,Better,5
29,No,Travel_Rarely,Research & Development,15,College,Life Sciences,15,Very High,Female,Medium,Junior,Laboratory Technician,High,4193,12682,12,Normal,Better,9
31,No,Travel_Rarely,Research & Development,26,Below College,Life Sciences,16,Low,Male,High,Entry,Research Scientist,High,2911,15170,17,Normal,Good,5
34,No,Travel_Rarely,Research & Development,19,College,Medical,18,Medium,Male,High,Entry,Laboratory Technician,Very High,2661,8758,11,Normal,Better,2
28,Yes,Travel_Rarely,Research & Development,24,Bachelor,Life Sciences,19,High,Male,Medium,Entry,Laboratory Technician,High,2028,12947,14,Normal,Better,4
29,No,Travel_Rarely,Research & Development,21,Master,Life Sciences,20,Medium,Female,Very High,Mid,Manufacturing Director,Low,9980,10195,11,Normal,Better,10
32,No,Travel_Rarely,Research & Development,5,College,Life Sciences,21,Low,Male,Very High,Entry,Research Scientist,Medium,3298,15053,12,Normal,Good,6
22,No,Non-Travel,Research & Development,16,College,Medical,22,Very High,Male,Very High,Entry,Laboratory Technician,Very High,2935,7324,13,Normal,Good,1
53,No,Travel_Rarely,Sales,2,Master,Life Sciences,23,Low,Female,Medium,Senior,Manager,Very High,15427,22021,16,Normal,Better,25
38,No,Travel_Rarely,Research & Development,2,Bachelor,Life Sciences,24,Very High,Male,High,Entry,Research Scientist,Very High,3944,4306,11,Normal,Better,3
24,No,Non-Travel,Research & Development,11,College,Other,26,Low,Female,Very High,Junior,Manufacturing Director,High,4011,8232,18,Normal,Good,4
36,Yes,Travel_Rarely,Sales,9,Master,Life Sciences,27,High,Male,Medium,Entry,Sales Representative,Low,3407,6986,23,Excellent,Better,5
34,No,Travel_Rarely,Research & Development,7,Master,Life Sciences,28,Low,Female,High,Mid,Research Director,Medium,11994,21293,11,Normal,Better,12
21,No,Travel_Rarely,Research & Development,15,College,Life Sciences,30,High,Male,High,Entry,Research Scientist,Very High,1232,19281,14,Normal,Better,0
34,Yes,Travel_Rarely,Research & Development,6,Below College,Medical,31,Medium,Male,High,Entry,Research Scientist,Low,2960,17102,11,Normal,Better,4
53,No,Travel_Rarely,Research & Development,5,Bachelor,Other,32,High,Female,High,Executive,Manager,High,19094,10735,11,Normal,Good,14
32,Yes,Travel_Frequently,Research & Development,16,Below College,Life Sciences,33,Medium,Female,Low,Entry,Research Scientist,Low,3919,4681,22,Excellent,Better,10
42,No,Travel_Rarely,Sales,8,Master,Marketing,35,High,Male,High,Junior,Sales Executive,Medium,6825,21173,11,Normal,Better,9
44,No,Travel_Rarely,Research & Development,7,Master,Medical,36,Low,Female,Medium,Mid,Healthcare Representative,Very High,10248,2094,14,Normal,Better,22
46,No,Travel_Rarely,Sales,2,Master,Marketing,38,Medium,Female,High,Executive,Manager,Low,18947,22822,12,Normal,Good,2
33,No,Travel_Rarely,Research & Development,2,Bachelor,Medical,39,High,Male,High,Entry,Laboratory Technician,Very High,2496,6670,11,Normal,Better,1
44,No,Travel_Rarely,Research & Development,10,Master,Other,40,Very High,Male,High,Junior,Healthcare Representative,Very High,6465,19121,13,Normal,Best,4
30,No,Travel_Rarely,Research & Development,9,College,Medical,41,Very High,Male,Medium,Entry,Laboratory Technician,High,2206,16117,13,Normal,Better,10
39,Yes,Travel_Rarely,Sales,5,Bachelor,Technical Degree,42,Very High,Male,High,Junior,Sales Representative,Very High,2086,3335,14,Normal,Best,1
24,Yes,Travel_Rarely,Research & Development,1,Bachelor,Medical,45,Medium,Male,High,Entry,Research Scientist,Very High,2293,3020,16,Normal,Good,2
43,No,Travel_Rarely,Research & Development,2,College,Medical,46,Very High,Female,Very High,Entry,Research Scientist,High,2645,21923,12,Normal,Good,5
50,Yes,Travel_Rarely,Sales,3,College,Marketing,47,Low,Male,Medium,Entry,Sales Representative,High,2683,3810,14,Normal,Better,3
35,No,Travel_Rarely,Sales,2,Bachelor,Marketing,49,Very High,Female,High,Entry,Sales Representative,Very High,2014,9687,13,Normal,Better,2
36,No,Travel_Rarely,Research & Development,5,Master,Life Sciences,51,Medium,Female,Medium,Entry,Research Scientist,Low,3419,13072,14,Normal,Best,1
33,No,Travel_Frequently,Sales,1,Bachelor,Life Sciences,52,High,Female,Very High,Junior,Sales Executive,Low,5376,3193,19,Normal,Better,5
35,No,Travel_Rarely,Research & Development,4,College,Other,53,High,Male,High,Entry,Laboratory Technician,Very High,1951,10910,12,Normal,Better,1
27,No,Travel_Rarely,Research & Development,2,Master,Life Sciences,54,Very High,Female,High,Entry,Laboratory Technician,Low,2341,19715,13,Normal,Better,1
26,Yes,Travel_Rarely,Research & Development,25,Bachelor,Life Sciences,55,Low,Male,Low,Entry,Laboratory Technician,High,2293,10558,12,Normal,Good,1
27,No,Travel_Frequently,Sales,8,Bachelor,Life Sciences,56,Very High,Male,High,Mid,Sales Executive,High,8726,2975,15,Normal,Better,9
30,No,Travel_Frequently,Research & Development,1,College,Medical,57,High,Female,High,Junior,Laboratory Technician,Very High,4011,10781,23,Excellent,Better,12
41,Yes,Travel_Rarely,Research & Development,12,Bachelor,Technical Degree,58,Medium,Female,High,Executive,Research Director,High,19545,16280,12,Normal,Better,22
34,No,Non-Travel,Sales,23,Master,Marketing,60,Medium,Male,High,Junior,Sales Executive,High,4568,10034,20,Excellent,Better,9
37,No,Travel_Rarely,Research & Development,19,College,Life Sciences,61,Medium,Male,High,Entry,Research Scientist,Medium,3022,10227,21,Excellent,Better,1
46,No,Travel_Frequently,Sales,5,Master,Marketing,62,Low,Male,High,Junior,Sales Executive,Very High,5772,20445,21,Excellent,Better,9
35,No,Travel_Rarely,Research & Development,8,Below College,Life Sciences,63,Very High,Male,Very High,Entry,Laboratory Technician,Very High,2269,4892,19,Normal,Better,1
48,Yes,Travel_Rarely,Research & Development,1,College,Life Sciences,64,Low,Male,Medium,Mid,Laboratory Technician,High,5381,19294,13,Normal,Better,1
28,Yes,Travel_Rarely,Research & Development,5,Master,Technical Degree,65,High,Male,High,Entry,Laboratory Technician,High,3441,11179,13,Normal,Good,2
44,No,Travel_Rarely,Sales,1,Doctor,Marketing,68,Medium,Female,High,Junior,Sales Executive,Low,5454,4009,21,Excellent,Good,4
35,No,Non-Travel,Research & Development,11,College,Medical,70,High,Male,Medium,Mid,Healthcare Representative,Low,9884,8302,13,Normal,Better,4
26,No,Travel_Rarely,Sales,23,Bachelor,Marketing,72,High,Female,Medium,Junior,Sales Executive,Very High,4157,21436,19,Normal,Good,2
33,No,Travel_Frequently,Research & Development,1,College,Life Sciences,73,Low,Female,High,Mid,Research Director,Very High,13458,15146,12,Normal,Better,15
35,No,Travel_Frequently,Sales,18,Doctor,Life Sciences,74,Medium,Male,High,Mid,Sales Executive,Low,9069,11031,22,Excellent,Good,9
35,No,Travel_Rarely,Research & Development,23,Master,Medical,75,High,Female,High,Entry,Laboratory Technician,Low,4014,16002,15,Normal,Better,2
31,No,Travel_Rarely,Research & Development,7,Master,Life Sciences,76,Very High,Male,High,Junior,Laboratory Technician,Very High,5915,9528,22,Excellent,Good,7
37,No,Travel_Rarely,Research & Development,1,Master,Life Sciences,77,Low,Male,Medium,Junior,Manufacturing Director,High,5993,2689,18,Normal,Best,7
32,No,Travel_Rarely,Research & Development,1,Bachelor,Medical,78,Low,Male,High,Junior,Manufacturing Director,Very High,6162,10877,22,Excellent,Better,9
38,No,Travel_Frequently,Research & Development,29,Doctor,Life Sciences,79,Very High,Female,High,Junior,Laboratory Technician,Very High,2406,5456,11,Normal,Better,10
50,No,Travel_Rarely,Research & Development,7,College,Medical,80,Medium,Female,Medium,Executive,Research Director,High,18740,16701,12,Normal,Good,27
59,No,Travel_Rarely,Sales,25,Bachelor,Life Sciences,81,Low,Female,High,Mid,Sales Executive,Low,7637,2354,11,Normal,Good,21
36,No,Travel_Rarely,Research & Development,8,Bachelor,Technical Degree,83,High,Female,High,Mid,Healthcare Representative,High,10096,8202,13,Normal,Better,17
55,No,Travel_Rarely,Research & Development,8,Bachelor,Medical,84,Very High,Female,High,Senior,Manager,High,14756,19730,14,Normal,Better,5
36,No,Travel_Frequently,Research & Development,11,Bachelor,Life Sciences,85,Medium,Male,Medium,Junior,Manufacturing Director,Medium,6499,22656,13,Normal,Better,6
45,No,Travel_Rarely,Research & Development,7,Bachelor,Life Sciences,86,Medium,Male,High,Mid,Research Scientist,Low,9724,18787,17,Normal,Better,1
35,No,Travel_Frequently,Research & Development,1,Bachelor,Medical,88,Medium,Male,High,Entry,Research Scientist,Low,2194,5868,13,Normal,Good,3
36,Yes,Travel_Rarely,Research & Development,9,Bachelor,Medical,90,Very High,Male,Medium,Entry,Research Scientist,High,3388,21777,17,Normal,Good,1
59,No,Travel_Frequently,Sales,1,Below College,Life Sciences,91,Low,Female,Medium,Junior,Sales Executive,High,5473,24668,11,Normal,Good,4
29,No,Travel_Rarely,Research & Development,2,Bachelor,Life Sciences,94,High,Male,High,Entry,Research Scientist,Medium,2703,4956,23,Excellent,Better,5
31,No,Travel_Rarely,Research & Development,1,Master,Medical,95,High,Male,High,Entry,Research Scientist,Medium,2501,18775,17,Normal,Better,1
32,No,Travel_Rarely,Research & Development,1,Bachelor,Life Sciences,96,Medium,Male,High,Junior,Research Scientist,Medium,6220,7346,17,Normal,Better,10
36,No,Travel_Rarely,Research & Development,6,Bachelor,Life Sciences,97,Medium,Female,Very High,Entry,Laboratory Technician,Very High,3038,22002,12,Normal,Better,1
31,No,Travel_Rarely,Research & Development,8,Master,Life Sciences,98,High,Female,High,Junior,Manufacturing Director,Very High,4424,20682,23,Excellent,Better,11
35,No,Travel_Rarely,Sales,1,Master,Marketing,100,High,Male,Medium,Junior,Sales Executive,Low,4312,23016,14,Normal,Better,15
45,No,Travel_Rarely,Research & Development,6,Master,Other,101,Very High,Male,High,Mid,Research Director,Low,13245,15067,14,Normal,Best,0
37,No,Travel_Rarely,Research & Development,7,Master,Medical,102,Low,Male,High,Mid,Research Director,High,13664,25258,13,Normal,Best,5
46,No,Travel_Rarely,Human Resources,5,College,Medical,103,Medium,Male,High,Junior,Human Resources,Medium,5021,10425,22,Excellent,Better,4
30,No,Travel_Rarely,Research & Development,1,Below College,Life Sciences,104,Very High,Male,Medium,Junior,Laboratory Technician,Very High,5126,15998,12,Normal,Good,10
35,No,Travel_Rarely,Research & Development,1,Bachelor,Medical,105,Medium,Male,Medium,Entry,Research Scientist,High,2859,26278,18,Normal,Better,6
55,No,Travel_Rarely,Sales,1,College,Life Sciences,106,Low,Male,High,Mid,Sales Executive,Very High,10239,18092,14,Normal,Better,1
38,No,Non-Travel,Research & Development,6,Bachelor,Medical,107,Medium,Female,Low,Junior,Research Scientist,Very High,5329,15717,12,Normal,Better,13
34,No,Travel_Rarely,Research & Development,1,College,Medical,110,Low,Male,High,Junior,Manufacturing Director,Medium,4325,17736,15,Normal,Better,5
56,No,Travel_Rarely,Research & Development,7,Bachelor,Life Sciences,112,Very High,Male,Low,Mid,Manufacturing Director,Very High,7260,21698,11,Normal,Good,6
23,No,Travel_Rarely,Sales,2,Below College,Technical Degree,113,High,Male,High,Entry,Sales Representative,Low,2322,9518,13,Normal,Better,0
51,No,Travel_Rarely,Research & Development,9,Master,Life Sciences,116,Very High,Male,High,Entry,Laboratory Technician,Very High,2075,18725,23,Excellent,Better,4
30,No,Travel_Rarely,Research & Development,2,Bachelor,Life Sciences,117,High,Male,Medium,Junior,Healthcare Representative,Very High,4152,15830,19,Normal,Better,11
46,Yes,Travel_Rarely,Sales,9,College,Medical,118,High,Male,Medium,Mid,Sales Executive,Very High,9619,13596,16,Normal,Better,9
40,No,Travel_Frequently,Research & Development,1,Master,Life Sciences,119,High,Male,Medium,Senior,Healthcare Representative,Medium,13503,14115,22,Excellent,Good,22
51,No,Travel_Rarely,Sales,21,Master,Marketing,120,High,Male,High,Junior,Sales Executive,Very High,5441,8423,22,Excellent,Bad,10
30,No,Travel_Rarely,Sales,4,College,Medical,121,High,Female,Medium,Junior,Sales Executive,Medium,5209,19760,12,Normal,Good,11
46,No,Travel_Frequently,Research & Development,1,Bachelor,Medical,124,High,Male,Medium,Mid,Healthcare Representative,Low,10673,3142,13,Normal,Good,10
32,No,Travel_Rarely,Sales,6,Master,Medical,125,Medium,Male,High,Junior,Sales Executive,High,5010,24301,16,Normal,Better,11
54,No,Travel_Rarely,Research & Development,2,Master,Technical Degree,126,Low,Female,High,Mid,Research Director,High,13549,24001,12,Normal,Bad,4
24,No,Travel_Rarely,Sales,3,College,Other,128,Low,Female,High,Junior,Sales Executive,High,4999,17519,21,Excellent,Good,3
28,No,Non-Travel,Sales,4,Bachelor,Medical,129,Medium,Male,High,Junior,Sales Executive,High,4221,8863,15,Normal,Best,5
58,No,Travel_Rarely,Sales,10,Master,Medical,131,Very High,Male,High,Senior,Sales Executive,High,13872,24409,13,Normal,Good,37
44,No,Non-Travel,Research & Development,23,Bachelor,Medical,132,Medium,Male,High,Junior,Laboratory Technician,Medium,2042,25043,12,Normal,Best,3
37,Yes,Travel_Rarely,Human Resources,6,Master,Human Resources,133,High,Male,High,Entry,Human Resources,Low,2073,23648,22,Excellent,Better,3
32,No,Travel_Rarely,Research & Development,1,Below College,Life Sciences,134,Very High,Male,High,Entry,Research Scientist,Low,2956,15178,13,Normal,Better,1
20,Yes,Travel_Frequently,Research & Development,6,Bachelor,Life Sciences,137,Very High,Female,Medium,Entry,Laboratory Technician,Very High,2926,19783,18,Normal,Better,1
34,No,Travel_Rarely,Research & Development,6,Master,Other,138,Low,Female,High,Junior,Research Scientist,High,4809,12482,14,Normal,Better,16
37,No,Non-Travel,Research & Development,2,College,Life Sciences,139,High,Male,Medium,Junior,Healthcare Representative,Very High,5163,15850,14,Normal,Best,1
59,No,Non-Travel,Human Resources,2,Master,Human Resources,140,High,Female,Medium,Executive,Manager,Very High,18844,21922,21,Excellent,Better,3
50,No,Travel_Frequently,Research & Development,1,Bachelor,Life Sciences,141,Low,Female,High,Executive,Research Director,Medium,18172,9755,19,Normal,Good,8
25,Yes,Travel_Rarely,Sales,5,Bachelor,Marketing,142,High,Male,Medium,Junior,Sales Executive,High,5744,26959,11,Normal,Better,6
25,No,Travel_Rarely,Research & Development,7,Below College,Medical,143,Very High,Male,Medium,Entry,Research Scientist,Very High,2889,26897,11,Normal,Better,2
22,No,Travel_Rarely,Research & Development,15,Bachelor,Medical,144,Medium,Female,High,Entry,Laboratory Technician,Very High,2871,23785,15,Normal,Better,0
51,No,Travel_Frequently,Research & Development,1,Master,Medical,145,Low,Female,Medium,Mid,Healthcare Representative,Low,7484,25796,20,Excellent,Good,13
34,Yes,Travel_Frequently,Research & Development,7,Bachelor,Life Sciences,147,Low,Male,Low,Junior,Laboratory Technician,High,6074,22887,24,Excellent,Better,9
54,No,Non-Travel,Human Resources,26,Bachelor,Human Resources,148,Very High,Female,Very High,Senior,Manager,Very High,17328,13871,12,Normal,Better,5
24,No,Travel_Rarely,Research & Development,18,Below College,Life Sciences,150,Medium,Male,High,Entry,Laboratory Technician,High,2774,13257,12,Normal,Better,5
34,No,Travel_Rarely,Research & Development,6,Master,Life Sciences,151,High,Female,Medium,Junior,Research Scientist,Medium,4505,15000,15,Normal,Better,1
37,No,Travel_Rarely,Sales,3,Bachelor,Life Sciences,152,High,Male,High,Mid,Sales Executive,Very High,7428,14506,12,Normal,Better,5
34,No,Travel_Rarely,Research & Development,5,Bachelor,Medical,153,High,Female,Medium,Mid,Manager,Low,11631,5615,12,Normal,Better,11
36,No,Travel_Frequently,Sales,11,College,Technical Degree,154,Medium,Female,High,Mid,Sales Executive,Very High,9738,22952,14,Normal,Better,9
36,No,Travel_Rarely,Research & Development,3,College,Life Sciences,155,Low,Female,High,Entry,Laboratory Technician,Very High,2835,2561,22,Excellent,Better,1
43,No,Travel_Frequently,Sales,26,College,Life Sciences,158,High,Male,High,Senior,Manager,Very High,16959,19494,12,Normal,Best,25
30,No,Travel_Frequently,Research & Development,23,Bachelor,Life Sciences,159,Low,Male,Low,Entry,Research Scientist,High,2613,22310,25,Excellent,Good,10
33,No,Non-Travel,Sales,22,College,Marketing,160,High,Male,High,Junior,Sales Executive,Medium,6146,15480,13,Normal,Best,7
56,Yes,Travel_Rarely,Research & Development,14,Master,Life Sciences,161,Medium,Female,High,Entry,Research Scientist,Medium,4963,4510,18,Normal,Better,5
51,No,Travel_Rarely,Research & Development,6,Bachelor,Life Sciences,162,Low,Male,High,Executive,Research Director,High,19537,6462,13,Normal,Better,20
31,Yes,Travel_Rarely,Sales,6,Master,Life Sciences,163,Medium,Male,Low,Junior,Sales Executive,High,6172,20739,18,Normal,Good,7
26,No,Travel_Rarely,Research & Development,6,Bachelor,Other,164,High,Female,Medium,Entry,Research Scientist,Medium,2368,23300,19,Normal,Good,5
58,Yes,Travel_Rarely,Research & Development,23,Master,Medical,165,Very High,Female,High,Mid,Healthcare Representative,Very High,10312,3465,12,Normal,Good,40
19,Yes,Travel_Rarely,Sales,22,Below College,Marketing,167,Very High,Male,High,Entry,Sales Representative,High,1675,26820,19,Normal,Good,0
22,No,Travel_Rarely,Research & Development,2,Below College,Technical Degree,169,High,Male,High,Entry,Laboratory Technician,Very High,2523,19299,14,Normal,Better,2
49,No,Travel_Rarely,Research & Development,20,Master,Medical,170,High,Female,High,Junior,Manufacturing Director,Low,6567,5549,14,Normal,Good,15
43,No,Travel_Frequently,Research & Development,28,Bachelor,Medical,171,Medium,Female,Very High,Entry,Research Scientist,High,4739,16090,12,Normal,Better,3
50,No,Travel_Frequently,Sales,12,Bachelor,Marketing,174,High,Female,High,Mid,Sales Executive,Very High,9208,6645,11,Normal,Better,2
31,Yes,Travel_Rarely,Sales,20,Bachelor,Life Sciences,175,Medium,Female,Low,Junior,Sales Executive,High,4559,24788,11,Normal,Better,2
41,No,Travel_Rarely,Sales,9,Below College,Life Sciences,176,High,Male,High,Mid,Sales Executive,High,8189,21196,13,Normal,Better,9
26,No,Travel_Rarely,Human Resources,25,Below College,Life Sciences,177,High,Female,High,Entry,Human Resources,High,2942,8916,23,Excellent,Better,8
36,No,Travel_Rarely,Research & Development,6,College,Medical,178,Medium,Male,High,Junior,Manufacturing Director,Medium,4941,2819,20,Excellent,Better,3
51,Yes,Travel_Frequently,Research & Development,8,Master,Life Sciences,179,Low,Male,Low,Mid,Manufacturing Director,Very High,10650,25150,15,Normal,Better,4
39,No,Travel_Rarely,Sales,4,Master,Life Sciences,182,Very High,Female,Medium,Junior,Sales Executive,High,5902,14590,14,Normal,Best,15
25,No,Travel_Rarely,Sales,28,Bachelor,Life Sciences,183,Low,Male,Medium,Junior,Sales Executive,High,8639,24835,18,Normal,Better,2
30,No,Travel_Rarely,Human Resources,9,Bachelor,Human Resources,184,High,Male,High,Junior,Human Resources,Very High,6347,13982,19,Normal,Bad,11
32,Yes,Travel_Rarely,Research & Development,9,Bachelor,Medical,190,Low,Female,High,Entry,Laboratory Technician,Low,4200,10224,22,Excellent,Best,5
45,No,Travel_Rarely,Research & Development,29,Bachelor,Medical,192,High,Male,High,Entry,Research Scientist,Very High,3452,9752,13,Normal,Good,6
38,No,Travel_Rarely,Research & Development,3,Doctor,Technical Degree,193,Very High,Female,High,Junior,Research Scientist,High,4317,2302,20,Excellent,Better,3
30,No,Travel_Rarely,Research & Development,18,Bachelor,Life Sciences,194,Low,Female,High,Entry,Research Scientist,High,2632,23910,14,Normal,Good,5
32,No,Travel_Frequently,Sales,9,College,Medical,195,Very High,Male,Low,Junior,Sales Executive,Very High,4668,22812,17,Normal,Best,8
30,No,Travel_Rarely,Research & Development,5,Bachelor,Technical Degree,197,Very High,Female,High,Entry,Research Scientist,Low,3204,10415,14,Normal,Better,3
30,No,Travel_Rarely,Research & Development,2,Below College,Medical,198,Medium,Male,Medium,Entry,Laboratory Technician,Very High,2720,11162,13,Normal,Better,5
41,No,Travel_Frequently,Research & Development,10,Bachelor,Life Sciences,199,Very High,Male,Medium,Senior,Manager,Low,17181,12888,13,Normal,Good,7
41,No,Travel_Rarely,Research & Development,9,Master,Life Sciences,200,High,Male,High,Entry,Laboratory Technician,Low,2238,6961,21,Excellent,Better,5
19,No,Travel_Rarely,Research & Development,3,Below College,Medical,201,Medium,Female,High,Entry,Laboratory Technician,Medium,1483,16102,14,Normal,Better,1
40,No,Travel_Frequently,Research & Development,26,Bachelor,Medical,202,Medium,Female,High,Junior,Research Scientist,Medium,5605,8504,11,Normal,Better,20
35,No,Travel_Rarely,Sales,1,Doctor,Marketing,204,High,Male,High,Mid,Sales Executive,Medium,7295,11439,13,Normal,Better,10
53,No,Travel_Rarely,Sales,6,College,Marketing,205,Medium,Male,High,Junior,Sales Representative,High,2306,16047,20,Excellent,Bad,7
45,No,Travel_Rarely,Research & Development,9,Bachelor,Life Sciences,206,Medium,Male,High,Junior,Laboratory Technician,Medium,2348,10901,18,Normal,Bad,17
32,No,Travel_Frequently,Sales,8,Bachelor,Marketing,207,Medium,Female,High,Mid,Sales Executive,Very High,8998,15589,14,Normal,Better,9
29,No,Non-Travel,Research & Development,1,Below College,Technical Degree,208,Very High,Male,High,Junior,Manufacturing Director,High,4319,26283,13,Normal,Better,10
51,No,Travel_Rarely,Research & Development,7,Master,Medical,211,Medium,Male,Medium,Junior,Manufacturing Director,High,6132,13983,17,Normal,Better,1
58,No,Travel_Rarely,Research & Development,9,Bachelor,Medical,214,Medium,Female,Medium,Entry,Research Scientist,Medium,3346,11873,20,Excellent,Good,1
40,No,Travel_Rarely,Sales,4,Master,Marketing,215,High,Male,Medium,Mid,Sales Executive,Very High,10855,8552,11,Normal,Good,12
34,No,Travel_Frequently,Sales,2,Master,Marketing,216,High,Female,High,Entry,Sales Representative,High,2231,11314,18,Normal,Better,4
22,No,Travel_Rarely,Research & Development,19,Below College,Medical,217,High,Male,High,Entry,Research Scientist,Very High,2323,11992,24,Excellent,Better,2
27,No,Non-Travel,Research & Development,9,Bachelor,Medical,218,Very High,Male,High,Entry,Research Scientist,Medium,2024,5970,18,Normal,Bad,2
28,No,Travel_Rarely,Research & Development,21,Bachelor,Medical,221,High,Male,High,Entry,Research Scientist,Very High,2713,6672,11,Normal,Bad,5
57,No,Travel_Rarely,Research & Development,24,College,Life Sciences,223,High,Male,Very High,Mid,Healthcare Representative,Very High,9439,23402,16,Normal,Bad,5
27,No,Non-Travel,Research & Development,3,Bachelor,Medical,224,High,Male,Medium,Entry,Research Scientist,High,2566,25326,15,Normal,Good,1
50,No,Travel_Rarely,Research & Development,11,Bachelor,Life Sciences,226,High,Female,High,Executive,Manager,Medium,19926,17053,15,Normal,Better,5
41,No,Travel_Rarely,Research & Development,14,Bachelor,Life Sciences,227,Low,Male,High,Entry,Research Scientist,High,2451,4609,12,Normal,Better,9
30,No,Travel_Rarely,Sales,5,Bachelor,Life Sciences,228,Medium,Female,High,Mid,Sales Executive,Very High,9419,8053,12,Normal,Better,10
38,No,Travel_Rarely,Sales,1,Master,Life Sciences,230,Low,Female,Medium,Junior,Sales Executive,Very High,8686,12930,22,Excellent,Best,8
32,No,Travel_Rarely,Research & Development,6,Doctor,Life Sciences,231,High,Male,High,Entry,Research Scientist,High,3038,12430,20,Excellent,Better,5
27,No,Travel_Rarely,Research & Development,17,Bachelor,Technical Degree,233,High,Male,High,Entry,Research Scientist,Medium,3058,13364,16,Normal,Good,5
19,Yes,Travel_Frequently,Sales,1,Below College,Technical Degree,235,High,Female,Low,Entry,Sales Representative,Low,2325,20989,21,Excellent,Best,0
36,No,Travel_Frequently,Research & Development,3,College,Medical,238,Very High,Male,High,Entry,Laboratory Technician,Medium,2088,15062,12,Normal,Good,8
30,No,Non-Travel,Research & Development,9,Bachelor,Medical,239,High,Male,High,Junior,Laboratory Technician,Low,3072,11012,11,Normal,Better,12
45,No,Travel_Rarely,Sales,4,College,Life Sciences,240,High,Female,High,Junior,Sales Executive,Low,5006,6319,11,Normal,Best,5
56,No,Travel_Rarely,Research & Development,8,Bachelor,Life Sciences,241,High,Female,High,Entry,Research Scientist,Low,4257,13939,18,Normal,Better,2
33,No,Travel_Rarely,Research & Development,2,Bachelor,Life Sciences,242,High,Male,High,Entry,Research Scientist,Very High,2500,10515,14,Normal,Best,3
19,Yes,Travel_Rarely,Research & Development,2,Bachelor,Life Sciences,243,Medium,Male,Medium,Entry,Laboratory Technician,Very High,1102,9241,22,Excellent,Good,1
46,No,Travel_Rarely,Sales,1,College,Marketing,244,Medium,Female,High,Mid,Sales Executive,Low,10453,2137,25,Excellent,Better,24
38,No,Travel_Rarely,Research & Development,9,College,Life Sciences,245,High,Female,High,Entry,Laboratory Technician,Very High,2288,6319,12,Normal,Better,2
31,No,Travel_Rarely,Research & Development,12,Below College,Medical,246,High,Female,High,Entry,Research Scientist,Very High,3929,6984,23,Excellent,Better,4
34,No,Travel_Rarely,Research & Development,27,College,Medical,247,Very High,Female,High,Entry,Research Scientist,Medium,2311,5711,15,Normal,Better,3
41,Yes,Travel_Rarely,Sales,20,College,Marketing,248,Medium,Female,High,Entry,Sales Representative,Medium,3140,21728,22,Excellent,Good,4
50,No,Travel_Rarely,Research & Development,1,Bachelor,Medical,249,High,Male,Medium,Entry,Laboratory Technician,High,3690,3425,15,Normal,Good,3
53,No,Travel_Rarely,Research & Development,13,College,Medical,250,Very High,Female,Very High,Junior,Manufacturing Director,Low,4450,26250,11,Normal,Better,4
33,No,Travel_Rarely,Research & Development,14,Bachelor,Medical,252,Very High,Female,High,Entry,Research Scientist,Medium,2756,4673,13,Normal,Better,8
40,No,Travel_Rarely,Research & Development,4,Below College,Medical,253,Very High,Female,High,Executive,Manager,High,19033,6499,14,Normal,Better,20
55,No,Travel_Rarely,Research & Development,14,Master,Medical,254,High,Male,Very High,Executive,Research Director,Medium,18722,13339,11,Normal,Better,24
34,No,Travel_Frequently,Research & Development,2,Below College,Life Sciences,256,Very High,Male,Medium,Junior,Manufacturing Director,High,9547,14074,17,Normal,Good,10
51,No,Travel_Rarely,Research & Development,3,Bachelor,Medical,258,Very High,Female,High,Senior,Healthcare Representative,Medium,13734,7192,18,Normal,Better,7
52,No,Travel_Rarely,Research & Development,1,Master,Life Sciences,259,High,Male,Medium,Executive,Manager,High,19999,5678,14,Normal,Better,33
27,No,Travel_Rarely,Research & Development,9,Bachelor,Medical,260,Very High,Female,High,Entry,Research Scientist,Medium,2279,11781,16,Normal,Good,7
35,Yes,Travel_Rarely,Research & Development,23,College,Life Sciences,261,Medium,Male,Medium,Junior,Manufacturing Director,High,5916,15497,13,Normal,Better,1
43,No,Non-Travel,Research & Development,7,Bachelor,Medical,262,Very High,Male,Very High,Entry,Research Scientist,Very High,2089,5228,14,Normal,Best,5
45,No,Non-Travel,Research & Development,2,College,Medical,264,Low,Male,Medium,Senior,Manager,Very High,16792,20462,23,Excellent,Better,20
37,No,Travel_Rarely,Research & Development,21,Bachelor,Life Sciences,267,Medium,Male,Very High,Entry,Research Scientist,Low,3564,22977,12,Normal,Good,8
35,No,Travel_Frequently,Research & Development,2,Bachelor,Medical,269,Medium,Female,High,Junior,Laboratory Technician,Medium,4425,15986,11,Normal,Better,6
42,No,Non-Travel,Research & Development,21,College,Medical,270,High,Female,High,Junior,Manufacturing Director,High,5265,16439,16,Normal,Better,5
38,No,Travel_Rarely,Research & Development,2,Master,Life Sciences,271,Very High,Male,High,Junior,Manufacturing Director,High,6553,7259,14,Normal,Better,1
38,No,Travel_Rarely,Research & Development,29,Bachelor,Technical Degree,273,Very High,Male,High,Junior,Manufacturing Director,Very High,6261,4185,18,Normal,Bad,7
27,No,Travel_Frequently,Research & Development,1,Below College,Technical Degree,274,High,Male,Medium,Junior,Manufacturing Director,Low,4298,9679,19,Normal,Better,2
49,No,Non-Travel,Research & Development,18,Master,Life Sciences,275,Very High,Male,High,Junior,Manufacturing Director,Very High,6804,23793,15,Normal,Better,7
34,No,Travel_Frequently,Research & Development,10,Master,Medical,277,Very High,Male,High,Entry,Research Scientist,High,3815,5972,17,Normal,Best,5
40,No,Travel_Rarely,Research & Development,19,College,Medical,281,High,Male,High,Junior,Laboratory Technician,Very High,2741,16523,15,Normal,Best,7
38,Yes,Travel_Rarely,Research & Development,29,Below College,Medical,282,Medium,Male,High,Junior,Healthcare Representative,Low,6673,11354,19,Normal,Better,1
29,Yes,Travel_Rarely,Sales,27,Bachelor,Marketing,283,Medium,Female,High,Mid,Sales Executive,Very High,7639,24525,22,Excellent,Good,10
22,No,Travel_Rarely,Research & Development,5,Bachelor,Life Sciences,284,Very High,Male,Very High,Entry,Research Scientist,Medium,2328,12392,16,Normal,Good,4
36,No,Travel_Frequently,Research & Development,18,Below College,Medical,286,Medium,Female,High,Entry,Laboratory Technician,Very High,2153,7703,13,Normal,Better,8
40,No,Non-Travel,Research & Development,9,Doctor,Life Sciences,287,Very High,Male,Medium,Junior,Healthcare Representative,Very High,4876,14242,14,Normal,Bad,3
46,No,Travel_Rarely,Research & Development,1,Master,Medical,288,Very High,Male,High,Mid,Healthcare Representative,Low,9396,12368,16,Normal,Better,4
32,Yes,Travel_Rarely,Sales,4,Master,Medical,291,Very High,Male,Low,Mid,Sales Executive,Very High,10400,25812,11,Normal,Good,14
30,No,Non-Travel,Research & Development,1,Below College,Life Sciences,292,High,Male,Medium,Mid,Manufacturing Director,High,8474,20925,22,Excellent,Better,11
27,No,Travel_Frequently,Sales,20,Bachelor,Life Sciences,293,Very High,Female,High,Junior,Sales Executive,High,9981,12916,14,Normal,Better,7
51,No,Travel_Rarely,Research & Development,8,Master,Life Sciences,296,Medium,Male,Medium,Mid,Research Director,Medium,12490,15736,16,Normal,Bad,10
30,Yes,Travel_Rarely,Research & Development,3,Bachelor,Technical Degree,297,Very High,Female,High,Entry,Research Scientist,Low,2657,8556,11,Normal,Better,5
41,No,Travel_Rarely,Sales,6,Bachelor,Life Sciences,298,Very High,Female,High,Mid,Manager,Very High,13591,14674,18,Normal,Better,1
30,Yes,Travel_Frequently,Sales,26,Master,Marketing,299,High,Female,Medium,Junior,Sales Executive,Low,6696,22967,15,Normal,Good,6
29,Yes,Travel_Rarely,Research & Development,1,Bachelor,Technical Degree,300,High,Male,High,Entry,Research Scientist,High,2058,19757,14,Normal,Good,6
45,No,Non-Travel,Sales,6,Bachelor,Medical,302,Very High,Female,Medium,Mid,Sales Executive,Very High,8865,16840,12,Normal,Better,19
54,No,Travel_Rarely,Sales,3,Bachelor,Marketing,303,Very High,Female,High,Junior,Sales Executive,Low,5940,17011,14,Normal,Better,6
36,No,Travel_Rarely,Research & Development,5,College,Life Sciences,304,Very High,Male,High,Junior,Laboratory Technician,Medium,5914,9945,16,Normal,Best,13
33,No,Travel_Rarely,Research & Development,4,Master,Medical,305,High,Female,Medium,Entry,Research Scientist,Medium,2622,13248,21,Excellent,Better,3
37,No,Travel_Frequently,Research & Development,11,Bachelor,Other,306,Medium,Male,High,Mid,Research Director,Very High,12185,10056,14,Normal,Better,10
38,No,Travel_Rarely,Sales,3,Bachelor,Life Sciences,307,Low,Male,High,Mid,Sales Executive,High,10609,9647,12,Normal,Good,16
31,No,Non-Travel,Research & Development,1,Master,Medical,308,High,Male,Low,Junior,Manufacturing Director,High,4345,4381,12,Normal,Better,5
59,No,Travel_Rarely,Research & Development,3,Bachelor,Life Sciences,309,High,Male,Medium,Entry,Research Scientist,Very High,2177,8456,17,Normal,Better,1
37,No,Travel_Frequently,Sales,4,Master,Marketing,311,Low,Male,High,Entry,Sales Representative,Very High,2793,2539,17,Normal,Better,9
29,No,Travel_Frequently,Sales,1,Below College,Medical,312,Medium,Female,High,Mid,Sales Executive,Very High,7918,6599,14,Normal,Better,11
35,No,Travel_Frequently,Sales,1,Bachelor,Marketing,314,High,Female,High,Mid,Sales Executive,High,8789,9096,14,Normal,Best,10
29,Yes,Travel_Rarely,Research & Development,18,Below College,Medical,315,High,Male,Medium,Entry,Research Scientist,Very High,2389,14961,13,Normal,Good,4
52,No,Travel_Rarely,Research & Development,2,Bachelor,Life Sciences,316,High,Female,Medium,Entry,Laboratory Technician,Very High,3212,3300,15,Normal,Good,2
42,No,Travel_Rarely,Research & Development,4,College,Technical Degree,319,High,Male,High,Executive,Manager,Very High,19232,4933,11,Normal,Better,22
59,No,Travel_Rarely,Human Resources,6,College,Medical,321,Medium,Male,High,Entry,Human Resources,High,2267,25657,17,Normal,Good,2
50,No,Travel_Rarely,Sales,1,Master,Medical,323,Very High,Female,High,Executive,Manager,Very High,19517,24118,11,Normal,Good,7
33,Yes,Travel_Rarely,Research & Development,14,Bachelor,Medical,325,High,Male,High,Entry,Laboratory Technician,Very High,2436,22149,13,Normal,Bad,5
43,No,Travel_Rarely,Sales,16,Bachelor,Marketing,327,Very High,Female,High,Senior,Manager,Very High,16064,7744,22,Excellent,Better,17
33,Yes,Travel_Rarely,Research & Development,2,College,Life Sciences,328,Low,Female,High,Entry,Laboratory Technician,Low,2707,21509,20,Excellent,Best,9
52,No,Non-Travel,Sales,2,Master,Life Sciences,329,Low,Male,Medium,Executive,Manager,High,19068,21030,18,Normal,Best,33
32,No,Travel_Rarely,Sales,4,College,Life Sciences,330,High,Female,High,Entry,Sales Representative,Medium,3931,20990,11,Normal,Better,4
32,Yes,Travel_Rarely,Research & Development,1,Bachelor,Life Sciences,331,Very High,Male,Medium,Entry,Laboratory Technician,High,3730,9571,14,Normal,Bad,3
39,No,Travel_Rarely,Research & Development,1,Master,Medical,332,High,Female,High,Entry,Laboratory Technician,High,2232,15417,14,Normal,Better,3
32,No,Non-Travel,Sales,26,Master,Marketing,333,High,Male,High,Junior,Sales Executive,Very High,4465,12069,18,Normal,Better,3
41,No,Travel_Rarely,Research & Development,19,College,Life Sciences,334,High,Male,High,Junior,Research Scientist,Low,3072,19877,16,Normal,Good,1
40,No,Travel_Rarely,Research & Development,24,College,Technical Degree,335,Low,Male,High,Junior,Research Scientist,Very High,3319,24447,17,Normal,Better,9
45,No,Travel_Rarely,Research & Development,1,Bachelor,Other,336,High,Male,Very High,Executive,Manager,Very High,19202,15970,11,Normal,Better,24
31,No,Travel_Frequently,Research & Development,3,Master,Medical,337,Medium,Male,High,Mid,Research Director,High,13675,13523,12,Normal,Better,2
33,No,Travel_Rarely,Research & Development,5,Master,Life Sciences,338,High,Female,Medium,Entry,Research Scientist,Very High,2911,14776,13,Normal,Good,2
34,No,Travel_Rarely,Research & Development,2,Master,Life Sciences,339,Very High,Male,Medium,Junior,Manufacturing Director,Low,5957,23687,13,Normal,Better,11
37,No,Travel_Rarely,Research & Development,1,College,Medical,340,High,Female,Medium,Entry,Research Scientist,Low,3920,18697,14,Normal,Good,3
45,No,Travel_Frequently,Research & Development,7,Master,Life Sciences,341,Low,Male,Very High,Junior,Manufacturing Director,High,6434,5118,17,Normal,Better,3
37,Yes,Travel_Frequently,Research & Development,10,Bachelor,Medical,342,Low,Male,High,Mid,Manufacturing Director,High,10048,22573,11,Normal,Better,1
39,No,Travel_Frequently,Research & Development,2,Master,Technical Degree,343,High,Female,High,Mid,Healthcare Representative,High,10938,6420,25,Excellent,Better,19
29,No,Travel_Rarely,Research & Development,15,Bachelor,Life Sciences,346,High,Male,High,Entry,Research Scientist,Very High,2340,22673,19,Normal,Better,6
42,No,Travel_Rarely,Research & Development,17,College,Life Sciences,347,Very High,Female,Very High,Junior,Research Scientist,Low,6545,23016,13,Normal,Better,3
29,No,Travel_Rarely,Sales,20,College,Marketing,349,Very High,Male,High,Junior,Sales Executive,Very High,6931,10732,14,Normal,Better,3
25,No,Travel_Rarely,Research & Development,1,Bachelor,Life Sciences,350,Low,Female,High,Junior,Manufacturing Director,High,4898,7505,12,Normal,Better,4
42,No,Travel_Rarely,Research & Development,2,Bachelor,Medical,351,Very High,Female,Medium,Entry,Laboratory Technician,Low,2593,8007,11,Normal,Better,9
40,No,Travel_Rarely,Research & Development,2,College,Medical,352,Low,Male,High,Executive,Research Director,High,19436,5949,19,Normal,Better,21
51,No,Travel_Rarely,Research & Development,1,Bachelor,Life Sciences,353,High,Male,High,Entry,Research Scientist,Very High,2723,23231,11,Normal,Good,1
31,Yes,Travel_Frequently,Research & Development,29,College,Medical,355,High,Male,Medium,Entry,Laboratory Technician,Medium,3479,11652,11,Normal,Best,5
32,No,Travel_Frequently,Research & Development,7,Bachelor,Life Sciences,359,Medium,Male,Very High,Entry,Laboratory Technician,Medium,2794,26062,20,Excellent,Bad,5
38,No,Non-Travel,Sales,2,College,Life Sciences,361,Very High,Male,Medium,Junior,Sales Executive,Very High,5249,19682,18,Normal,Better,8
32,No,Travel_Rarely,Research & Development,2,Below College,Technical Degree,362,Very High,Male,Medium,Junior,Laboratory Technician,Low,2176,19737,13,Normal,Better,6
46,No,Travel_Rarely,Sales,2,Bachelor,Technical Degree,363,High,Female,Low,Senior,Manager,Medium,16872,14977,12,Normal,Good,7
28,Yes,Travel_Rarely,Research & Development,2,Master,Life Sciences,364,Low,Male,High,Entry,Laboratory Technician,High,3485,14935,11,Normal,Bad,0
29,No,Travel_Rarely,Sales,2,Bachelor,Medical,366,Low,Male,Medium,Junior,Sales Executive,Medium,6644,3687,19,Normal,Better,0
31,No,Travel_Rarely,Research & Development,23,Bachelor,Medical,367,Medium,Male,Medium,Junior,Healthcare Representative,Very High,5582,14408,21,Excellent,Better,9
25,No,Non-Travel,Research & Development,5,College,Life Sciences,369,Medium,Male,Very High,Junior,Healthcare Representative,Low,4000,18384,12,Normal,Better,6
45,No,Travel_Rarely,Research & Development,20,College,Medical,372,High,Male,High,Senior,Healthcare Representative,Very High,13496,7501,14,Normal,Better,20
36,No,Travel_Rarely,Research & Development,6,Bachelor,Life Sciences,373,Very High,Male,High,Entry,Laboratory Technician,Very High,3210,20251,11,Normal,Better,15
55,No,Travel_Rarely,Research & Development,1,Bachelor,Medical,374,Very High,Male,High,Executive,Manager,Low,19045,18938,14,Normal,Better,36
47,Yes,Non-Travel,Research & Development,29,Master,Life Sciences,376,Low,Male,High,Mid,Manager,Medium,11849,10268,12,Normal,Good,10
28,No,Travel_Rarely,Research & Development,9,Bachelor,Medical,377,Very High,Male,High,Entry,Research Scientist,Very High,2070,2613,23,Excellent,Good,5
37,No,Travel_Rarely,Sales,6,Master,Medical,378,High,Male,High,Junior,Sales Executive,Very High,6502,22825,14,Normal,Best,5
21,No,Travel_Rarely,Research & Development,3,College,Medical,379,Very High,Male,Medium,Entry,Research Scientist,High,3230,10531,17,Normal,Best,3
37,No,Non-Travel,Research & Development,1,Master,Medical,380,Low,Female,High,Mid,Research Director,Very High,13603,11677,18,Normal,Better,5
35,No,Travel_Rarely,Research & Development,22,Bachelor,Life Sciences,381,Medium,Female,Very High,Mid,Manager,Medium,11996,19100,18,Normal,Good,7
38,No,Travel_Rarely,Sales,7,College,Medical,382,Low,Female,Very High,Junior,Sales Executive,Low,5605,19191,24,Excellent,Better,8
26,No,Travel_Frequently,Research & Development,1,Bachelor,Life Sciences,384,High,Female,High,Junior,Manufacturing Director,Medium,6397,26767,20,Excellent,Bad,6
50,No,Travel_Rarely,Research & Development,4,Below College,Life Sciences,385,Low,Male,High,Executive,Research Director,Medium,19144,15815,14,Normal,Good,10
53,No,Travel_Rarely,Research & Development,3,Master,Medical,386,High,Male,High,Senior,Research Director,High,17584,21016,16,Normal,Good,5
42,No,Travel_Rarely,Sales,1,Below College,Life Sciences,387,Medium,Male,High,Junior,Sales Executive,High,4907,24532,25,Excellent,Better,20
29,No,Travel_Frequently,Sales,2,College,Life Sciences,388,Medium,Male,High,Junior,Sales Executive,Very High,4554,20260,18,Normal,Good,10
55,No,Travel_Rarely,Research & Development,20,College,Technical Degree,389,Medium,Male,High,Junior,Laboratory Technician,Very High,5415,15972,19,Normal,Better,10
26,No,Travel_Frequently,Research & Development,11,College,Medical,390,Low,Male,High,Junior,Healthcare Representative,Low,4741,22722,13,Normal,Better,5
37,No,Travel_Rarely,Research & Development,1,Bachelor,Life Sciences,391,Very High,Female,High,Entry,Research Scientist,Very High,2115,15881,12,Normal,Better,17
44,Yes,Travel_Frequently,Research & Development,24,Bachelor,Life Sciences,392,Very High,Male,High,Entry,Laboratory Technician,High,3161,19920,22,Excellent,Bad,1
38,No,Travel_Rarely,Research & Development,23,Master,Life Sciences,393,Very High,Male,High,Junior,Healthcare Representative,Very High,5745,18899,14,Normal,Better,2
26,Yes,Travel_Rarely,Research & Development,16,Master,Medical,394,Low,Male,High,Entry,Laboratory Technician,Medium,2373,14180,13,Normal,Better,3
28,No,Travel_Rarely,Research & Development,8,College,Life Sciences,395,Very High,Female,High,Entry,Research Scientist,Very High,3310,4488,21,Excellent,Better,5
49,No,Travel_Frequently,Research & Development,10,Master,Life Sciences,396,High,Female,High,Executive,Research Director,Low,18665,25594,11,Normal,Better,3
36,No,Travel_Rarely,Research & Development,3,Bachelor,Technical Degree,397,High,Male,High,Junior,Research Scientist,Medium,4485,26285,12,Normal,Better,8
31,No,Travel_Frequently,Sales,5,Bachelor,Marketing,399,Very High,Female,High,Entry,Sales Representative,Medium,2789,3909,11,Normal,Good,2
26,Yes,Travel_Rarely,Sales,4,Master,Marketing,401,Very High,Male,Medium,Junior,Sales Executive,Very High,5828,8450,12,Normal,Better,8
37,No,Travel_Frequently,Research & Development,9,Bachelor,Medical,403,Medium,Male,High,Entry,Research Scientist,Very High,2326,11411,12,Normal,Good,4
42,No,Travel_Frequently,Sales,26,Bachelor,Marketing,404,High,Female,High,Senior,Sales Executive,Medium,13525,14864,14,Normal,Best,20
18,Yes,Travel_Rarely,Research & Development,3,Bachelor,Life Sciences,405,High,Male,High,Entry,Laboratory Technician,High,1420,25233,13,Normal,Better,0
35,No,Travel_Rarely,Sales,16,Bachelor,Marketing,406,High,Male,High,Mid,Sales Executive,Medium,8020,5100,15,Normal,Good,11
36,No,Travel_Frequently,Research & Development,18,Master,Life Sciences,407,High,Male,Very High,Entry,Laboratory Technician,Very High,3688,7122,18,Normal,Better,1
51,No,Travel_Rarely,Research & Development,2,Bachelor,Medical,408,Very High,Male,Low,Junior,Manufacturing Director,Medium,5482,16321,18,Normal,Better,4
41,No,Travel_Rarely,Sales,2,Master,Life Sciences,410,Very High,Male,High,Senior,Manager,Medium,16015,15896,19,Normal,Better,22
18,No,Travel_Rarely,Sales,10,Bachelor,Medical,411,Very High,Female,Medium,Entry,Sales Representative,High,1200,9724,12,Normal,Better,0
28,No,Travel_Rarely,Research & Development,16,College,Medical,412,Medium,Male,Very High,Junior,Healthcare Representative,Low,5661,4824,19,Normal,Better,8
31,No,Travel_Rarely,Sales,7,Bachelor,Technical Degree,416,Medium,Male,Very High,Junior,Sales Executive,Very High,6929,12241,11,Normal,Good,8
39,No,Travel_Rarely,Research & Development,1,Bachelor,Medical,417,High,Male,Very High,Mid,Healthcare Representative,Very High,9613,10942,17,Normal,Good,18
36,No,Non-Travel,Research & Development,24,Master,Life Sciences,419,Medium,Female,High,Junior,Laboratory Technician,Medium,5674,6927,15,Normal,Better,9
32,No,Travel_Rarely,Sales,7,Bachelor,Life Sciences,420,Very High,Male,Medium,Junior,Sales Executive,High,5484,16985,14,Normal,Good,13
38,No,Travel_Rarely,Research & Development,25,College,Life Sciences,421,Low,Female,Medium,Mid,Research Director,Medium,12061,26707,17,Normal,Better,10
58,No,Non-Travel,Research & Development,1,Master,Life Sciences,422,Very High,Male,Low,Junior,Healthcare Representative,High,5660,17056,13,Normal,Better,5
31,No,Travel_Rarely,Research & Development,5,Master,Technical Degree,423,High,Male,High,Entry,Research Scientist,Very High,4821,10077,12,Normal,Better,5
31,No,Travel_Rarely,Human Resources,2,Bachelor,Human Resources,424,Low,Male,Medium,Junior,Human Resources,Low,6410,17822,12,Normal,Better,2
45,No,Travel_Frequently,Research & Development,7,Bachelor,Life Sciences,425,Low,Male,High,Mid,Laboratory Technician,Low,5210,20308,18,Normal,Better,24
31,No,Travel_Rarely,Research & Development,2,Master,Life Sciences,426,High,Male,High,Entry,Research Scientist,Very High,2695,7747,18,Normal,Bad,2
33,No,Travel_Frequently,Research & Development,5,Master,Life Sciences,428,Very High,Female,High,Mid,Manager,Medium,11878,23364,11,Normal,Better,10
39,No,Travel_Rarely,Research & Development,10,Below College,Medical,429,High,Male,High,Senior,Manager,Low,17068,5355,14,Normal,Better,21
43,No,Travel_Frequently,Research & Development,10,Master,Life Sciences,430,High,Female,High,Entry,Laboratory Technician,Very High,2455,10675,19,Normal,Better,8
49,No,Travel_Rarely,Research & Development,1,College,Technical Degree,431,High,Female,Medium,Senior,Healthcare Representative,High,13964,17810,12,Normal,Better,7
52,Yes,Travel_Rarely,Research & Development,8,Master,Medical,433,High,Male,Medium,Junior,Research Scientist,Medium,4941,17747,15,Normal,Good,8
27,No,Travel_Rarely,Research & Development,5,Bachelor,Life Sciences,434,High,Female,High,Entry,Research Scientist,Medium,2478,20938,12,Normal,Good,4
32,No,Travel_Rarely,Sales,8,College,Technical Degree,436,High,Female,Medium,Junior,Sales Executive,Medium,5228,24624,11,Normal,Better,13
27,No,Travel_Rarely,Sales,2,Bachelor,Life Sciences,437,Very High,Male,High,Junior,Sales Executive,High,4478,5242,11,Normal,Better,5
31,No,Travel_Rarely,Sales,7,Bachelor,Marketing,438,Very High,Male,High,Junior,Sales Executive,Very High,7547,7143,12,Normal,Better,7
32,No,Travel_Rarely,Research & Development,2,Master,Medical,439,Low,Female,Very High,Junior,Research Scientist,Very High,5055,10557,16,Normal,Good,7
28,Yes,Travel_Rarely,Research & Development,2,Master,Medical,440,Low,Male,Low,Entry,Research Scientist,Very High,3464,24737,13,Normal,Good,3
30,No,Travel_Rarely,Research & Development,28,College,Medical,441,Very High,Female,High,Junior,Research Scientist,Very High,5775,11934,13,Normal,Better,10
31,No,Travel_Frequently,Research & Development,7,College,Life Sciences,442,High,Female,Medium,Mid,Manufacturing Director,High,8943,14034,24,Excellent,Better,10
39,No,Travel_Frequently,Research & Development,7,College,Medical,444,High,Male,Medium,Executive,Manager,Very High,19272,21141,15,Normal,Better,21
39,Yes,Travel_Rarely,Sales,3,College,Medical,445,Very High,Female,High,Junior,Sales Executive,High,5238,17778,18,Normal,Good,1
33,No,Travel_Frequently,Sales,10,Bachelor,Marketing,446,Medium,Male,Medium,Junior,Sales Executive,Very High,4682,4317,14,Normal,Good,7
47,No,Travel_Rarely,Research & Development,5,Doctor,Life Sciences,447,Very High,Male,High,Executive,Research Director,High,18300,16375,11,Normal,Better,3
43,No,Travel_Frequently,Research & Development,10,Master,Life Sciences,448,High,Female,Medium,Junior,Laboratory Technician,High,5257,6227,11,Normal,Best,9
27,No,Non-Travel,Sales,1,Below College,Marketing,449,High,Male,High,Junior,Sales Executive,Medium,6349,22107,13,Normal,Better,5
54,No,Travel_Frequently,Research & Development,20,Master,Life Sciences,450,Very High,Female,High,Junior,Research Scientist,High,4869,16885,12,Normal,Good,4
43,No,Travel_Rarely,Research & Development,7,Bachelor,Life Sciences,451,High,Female,High,Mid,Healthcare Representative,Low,9985,9262,16,Normal,Good,1
45,No,Travel_Rarely,Research & Development,8,Master,Other,452,Very High,Male,High,Junior,Research Scientist,Very High,3697,9278,14,Normal,Better,10
40,No,Travel_Rarely,Sales,1,College,Medical,453,Medium,Male,Low,Junior,Sales Executive,Very High,7457,13273,22,Excellent,Good,4
29,Yes,Travel_Rarely,Research & Development,8,Master,Other,454,Medium,Male,Low,Entry,Laboratory Technician,Low,2119,4759,11,Normal,Good,7
29,No,Travel_Rarely,Research & Development,9,Doctor,Other,455,Medium,Male,Medium,Entry,Laboratory Technician,Very High,3983,7621,17,Normal,Better,3
30,No,Travel_Rarely,Sales,5,Bachelor,Marketing,456,Very High,Female,Medium,Junior,Sales Executive,High,6118,5431,13,Normal,Better,10
27,No,Travel_Rarely,Sales,8,Master,Marketing,458,Medium,Female,High,Junior,Sales Executive,Medium,6214,3415,18,Normal,Better,8
37,No,Travel_Rarely,Research & Development,5,College,Medical,460,Very High,Male,High,Junior,Manufacturing Director,Very High,6347,23177,16,Normal,Good,6
38,No,Travel_Rarely,Research & Development,15,College,Life Sciences,461,High,Male,Medium,Mid,Research Director,Very High,11510,15682,14,Normal,Better,11
31,No,Travel_Rarely,Research & Development,7,Master,Medical,462,High,Female,High,Mid,Manufacturing Director,Very High,7143,25713,14,Normal,Good,11
29,No,Travel_Rarely,Sales,10,Below College,Marketing,463,Very High,Female,Medium,Junior,Sales Executive,Medium,8268,11866,14,Normal,Better,7
35,No,Travel_Rarely,Research & Development,5,Master,Technical Degree,464,High,Male,High,Mid,Manufacturing Director,Medium,8095,18264,13,Normal,Better,16
23,No,Travel_Rarely,Research & Development,26,Below College,Life Sciences,465,High,Male,High,Entry,Research Scientist,Very High,2904,16092,12,Normal,Good,4
41,No,Travel_Rarely,Research & Development,6,Bachelor,Medical,466,Very High,Male,Medium,Junior,Manufacturing Director,Medium,6032,10110,15,Normal,Better,5
47,No,Travel_Frequently,Sales,4,Below College,Medical,467,Medium,Male,High,Junior,Sales Representative,High,2976,25751,19,Normal,Better,0
42,No,Travel_Rarely,Research & Development,23,Doctor,Life Sciences,468,Low,Female,High,Senior,Research Director,Very High,15992,15901,14,Normal,Better,1
29,No,Non-Travel,Sales,2,Bachelor,Life Sciences,469,Very High,Male,High,Junior,Sales Executive,High,4649,16928,14,Normal,Good,4
42,No,Travel_Rarely,Human Resources,2,Below College,Technical Degree,470,High,Male,High,Entry,Human Resources,High,2696,24017,11,Normal,Better,3
32,No,Travel_Rarely,Research & Development,2,Bachelor,Medical,471,High,Female,High,Entry,Laboratory Technician,Medium,2370,3956,13,Normal,Better,8
48,No,Travel_Rarely,Sales,29,Below College,Medical,473,Low,Female,High,Mid,Manager,High,12504,23978,21,Excellent,Bad,0
37,No,Travel_Rarely,Research & Development,6,Bachelor,Medical,474,High,Male,Very High,Junior,Research Scientist,Low,5974,17001,13,Normal,Better,7
30,No,Non-Travel,Sales,25,College,Technical Degree,475,Very High,Female,High,Junior,Sales Executive,High,4736,6069,12,Normal,Best,2
26,No,Travel_Rarely,Sales,1,Bachelor,Life Sciences,476,High,Male,High,Junior,Sales Executive,High,5296,20156,17,Normal,Better,8
42,No,Travel_Rarely,Research & Development,2,Master,Other,477,Low,Male,Medium,Junior,Healthcare Representative,Very High,6781,17078,23,Excellent,Better,1
21,Yes,Travel_Frequently,Sales,1,Below College,Technical Degree,478,Low,Female,Medium,Entry,Sales Representative,Medium,2174,9150,11,Normal,Better,3
36,No,Non-Travel,Sales,1,Doctor,Medical,479,Very High,Female,High,Junior,Sales Executive,Very High,6653,15276,15,Normal,Better,1
36,No,Travel_Frequently,Sales,3,Master,Medical,481,Low,Male,Medium,Mid,Sales Executive,Very High,9699,7246,11,Normal,Better,13
57,No,Travel_Rarely,Research & Development,1,Master,Medical,482,Very High,Male,High,Junior,Healthcare Representative,High,6755,2967,11,Normal,Better,3
40,No,Travel_Rarely,Research & Development,10,Master,Life Sciences,483,Very High,Female,Very High,Entry,Laboratory Technician,High,2213,22495,13,Normal,Better,7
21,No,Non-Travel,Sales,9,College,Medical,484,Low,Male,High,Entry,Sales Representative,Very High,2610,2851,24,Excellent,Good,3
33,Yes,Travel_Rarely,Sales,5,Bachelor,Marketing,485,Very High,Female,High,Entry,Sales Representative,High,2851,9150,13,Normal,Better,1
37,No,Travel_Rarely,Research & Development,10,Bachelor,Medical,486,High,Female,High,Entry,Laboratory Technician,Low,3452,17663,20,Excellent,Better,5
46,No,Non-Travel,Research & Development,7,Master,Medical,487,High,Female,High,Junior,Manufacturing Director,High,5258,16044,14,Normal,Best,1
41,Yes,Travel_Frequently,Sales,4,Bachelor,Marketing,488,Low,Male,High,Junior,Sales Executive,Medium,9355,9558,18,Normal,Better,8
50,No,Travel_Rarely,Research & Development,10,Bachelor,Technical Degree,491,Very High,Male,Medium,Mid,Healthcare Representative,Very High,10496,2755,15,Normal,Better,4
40,Yes,Travel_Rarely,Sales,22,College,Marketing,492,High,Male,Medium,Junior,Sales Executive,High,6380,6110,12,Normal,Better,6
31,No,Travel_Rarely,Research & Development,9,Master,Life Sciences,493,High,Male,Medium,Entry,Research Scientist,Medium,2657,7551,16,Normal,Better,2
21,Yes,Travel_Rarely,Sales,12,Bachelor,Life Sciences,494,High,Female,Very High,Entry,Sales Representative,Medium,2716,25422,15,Normal,Better,1
29,No,Travel_Rarely,Research & Development,23,Bachelor,Life Sciences,495,Very High,Male,High,Entry,Research Scientist,Very High,2201,18168,16,Normal,Better,3
35,No,Travel_Rarely,Research & Development,9,Master,Life Sciences,496,High,Male,Medium,Junior,Healthcare Representative,Medium,6540,19394,19,Normal,Better,1
27,No,Travel_Rarely,Research & Development,1,College,Medical,497,Very High,Male,High,Entry,Laboratory Technician,Medium,3816,17881,11,Normal,Better,5
28,No,Travel_Rarely,Sales,9,Master,Life Sciences,498,Medium,Male,High,Junior,Sales Executive,Very High,5253,20750,16,Normal,Better,7
49,No,Travel_Rarely,Research & Development,7,Bachelor,Other,499,Medium,Male,Medium,Mid,Healthcare Representative,High,10965,12066,24,Excellent,Better,5
51,No,Travel_Rarely,Sales,14,College,Life Sciences,500,High,Female,High,Junior,Sales Executive,Very High,4936,14862,11,Normal,Good,7
36,No,Travel_Rarely,Research & Development,2,Bachelor,Life Sciences,501,Very High,Female,High,Entry,Research Scientist,High,2543,11868,13,Normal,Better,2
34,Yes,Non-Travel,Sales,19,Bachelor,Marketing,502,Low,Male,Very High,Junior,Sales Executive,Very High,5304,4652,13,Normal,Good,5
55,No,Travel_Rarely,Research & Development,2,Bachelor,Life Sciences,505,High,Female,High,Senior,Manager,Very High,16659,23258,13,Normal,Better,5
24,No,Travel_Rarely,Sales,10,Master,Marketing,507,Very High,Female,High,Junior,Sales Executive,High,4260,5915,12,Normal,Best,5
30,No,Travel_Rarely,Sales,2,Below College,Technical Degree,508,High,Male,High,Entry,Sales Representative,Medium,2476,17434,18,Normal,Better,1
26,Yes,Travel_Frequently,Research & Development,3,Below College,Technical Degree,510,High,Male,High,Entry,Research Scientist,Low,3102,6582,22,Excellent,Better,6
22,No,Travel_Rarely,Research & Development,11,Bachelor,Medical,511,Low,Female,High,Entry,Research Scientist,Medium,2244,24440,13,Normal,Better,2
36,No,Travel_Rarely,Sales,2,College,Medical,513,Medium,Male,Medium,Mid,Sales Executive,High,7596,3809,13,Normal,Better,10
30,Yes,Travel_Frequently,Research & Development,4,Bachelor,Technical Degree,514,High,Male,High,Entry,Research Scientist,Very High,2285,3427,23,Excellent,Better,1
37,No,Travel_Rarely,Research & Development,14,Bachelor,Life Sciences,515,Very High,Female,High,Entry,Laboratory Technician,Low,3034,26914,12,Normal,Good,18
40,No,Travel_Rarely,Sales,2,College,Marketing,516,Very High,Female,High,Junior,Sales Executive,Medium,5715,22553,12,Normal,Better,5
42,No,Travel_Rarely,Research & Development,1,Master,Life Sciences,517,Medium,Female,High,Entry,Laboratory Technician,Low,2576,20490,16,Normal,Better,5
37,No,Travel_Rarely,Research & Development,10,Master,Life Sciences,518,High,Male,High,Junior,Manufacturing Director,Medium,4197,21123,12,Normal,Good,1
43,No,Travel_Rarely,Research & Development,12,Bachelor,Life Sciences,520,Low,Male,Medium,Senior,Research Director,Medium,14336,4345,11,Normal,Better,25
40,No,Travel_Rarely,Research & Development,2,Bachelor,Medical,521,Medium,Female,Medium,Junior,Laboratory Technician,High,3448,13436,22,Excellent,Better,1
54,No,Travel_Rarely,Research & Development,5,College,Medical,522,Low,Male,High,Executive,Research Director,Low,19406,8509,11,Normal,Good,4
34,No,Non-Travel,Sales,4,Master,Marketing,523,High,Female,High,Junior,Sales Executive,High,6538,12740,15,Normal,Better,3
31,No,Travel_Rarely,Research & Development,7,College,Medical,524,Medium,Female,High,Junior,Manufacturing Director,Low,4306,4156,12,Normal,Bad,13
43,No,Travel_Frequently,Research & Development,21,Bachelor,Medical,525,Very High,Male,High,Entry,Laboratory Technician,Very High,2258,15238,20,Excellent,Better,3
43,No,Travel_Rarely,Research & Development,8,Master,Other,526,High,Female,High,Junior,Healthcare Representative,High,4522,2227,14,Normal,Better,5
25,No,Travel_Rarely,Sales,4,College,Life Sciences,527,Medium,Female,Medium,Junior,Sales Executive,Very High,4487,12090,11,Normal,Better,5
37,No,Non-Travel,Research & Development,25,Doctor,Medical,529,Medium,Female,High,Junior,Research Scientist,High,4449,23866,15,Normal,Better,13
31,No,Travel_Rarely,Research & Development,1,College,Life Sciences,530,Very High,Male,Medium,Entry,Laboratory Technician,Low,2218,16193,12,Normal,Better,4
39,No,Travel_Frequently,Research & Development,1,Below College,Life Sciences,531,Medium,Male,High,Executive,Manager,High,19197,8213,14,Normal,Better,21
56,No,Travel_Frequently,Sales,6,Bachelor,Life Sciences,532,High,Female,Very High,Senior,Sales Executive,Low,13212,18256,11,Normal,Good,7
30,No,Travel_Rarely,Sales,12,Bachelor,Technical Degree,533,Medium,Female,High,Junior,Sales Executive,High,6577,19558,11,Normal,Better,5
41,No,Travel_Rarely,Sales,1,Bachelor,Marketing,534,Medium,Male,Very High,Mid,Sales Executive,Low,8392,19566,16,Normal,Better,10
28,No,Travel_Rarely,Research & Development,17,College,Medical,536,High,Male,High,Junior,Laboratory Technician,Low,4558,13535,12,Normal,Better,10
25,Yes,Travel_Rarely,Research & Development,3,Bachelor,Medical,538,Low,Male,High,Entry,Laboratory Technician,Low,4031,9396,13,Normal,Better,2
52,No,Travel_Rarely,Research & Development,3,Bachelor,Medical,543,Very High,Male,Medium,Mid,Manufacturing Director,High,7969,19609,14,Normal,Better,5
45,No,Travel_Rarely,Research & Development,10,College,Life Sciences,544,Low,Male,High,Entry,Research Scientist,Very High,2654,9655,21,Excellent,Good,2
52,No,Travel_Rarely,Research & Development,4,College,Life Sciences,546,Very High,Female,High,Senior,Manager,Very High,16555,10310,13,Normal,Bad,5
42,No,Travel_Frequently,Research & Development,29,College,Life Sciences,547,Low,Female,High,Junior,Research Scientist,High,4556,12932,11,Normal,Better,5
30,No,Travel_Rarely,Research & Development,2,Bachelor,Life Sciences,548,High,Female,Low,Junior,Manufacturing Director,Very High,6091,24793,20,Excellent,Better,5
60,No,Travel_Rarely,Research & Development,7,Bachelor,Life Sciences,549,Low,Female,High,Executive,Manager,Low,19566,3854,11,Normal,Bad,29
46,No,Travel_Rarely,Research & Development,18,Bachelor,Medical,550,High,Female,High,Junior,Manufacturing Director,High,4810,26314,14,Normal,Good,10
42,No,Travel_Frequently,Research & Development,28,Master,Technical Degree,551,Very High,Female,Medium,Junior,Healthcare Representative,Very High,4523,4386,11,Normal,Best,6
24,Yes,Travel_Rarely,Sales,1,Below College,Technical Degree,554,Low,Female,High,Entry,Sales Representative,Medium,3202,21972,16,Normal,Better,5
34,Yes,Travel_Frequently,Sales,6,College,Marketing,555,Very High,Female,Low,Entry,Sales Representative,High,2351,12253,16,Normal,Good,2
38,No,Travel_Frequently,Research & Development,2,College,Life Sciences,556,Very High,Male,High,Entry,Laboratory Technician,Very High,1702,12106,23,Excellent,Better,1
40,No,Travel_Rarely,Sales,2,Master,Life Sciences,558,High,Female,High,Executive,Manager,High,18041,13022,14,Normal,Better,20
26,No,Travel_Rarely,Research & Development,23,Bachelor,Life Sciences,560,Low,Female,High,Entry,Research Scientist,Very High,2886,3032,22,Excellent,Bad,3
30,No,Non-Travel,Research & Development,3,Bachelor,Life Sciences,562,High,Male,High,Entry,Laboratory Technician,Very High,2097,16734,15,Normal,Bad,5
29,No,Travel_Rarely,Research & Development,3,Master,Medical,564,Medium,Male,Medium,Mid,Research Director,High,11935,21526,18,Normal,Better,10
29,Yes,Travel_Rarely,Research & Development,25,Doctor,Technical Degree,565,High,Female,Medium,Entry,Research Scientist,Medium,2546,18300,16,Normal,Best,2
19,Yes,Travel_Rarely,Human Resources,2,College,Technical Degree,566,Low,Male,Medium,Entry,Human Resources,Very High,2564,18437,12,Normal,Best,1
30,No,Non-Travel,Sales,22,Master,Other,567,High,Female,High,Mid,Sales Executive,Low,8412,2890,11,Normal,Better,9
57,No,Travel_Rarely,Sales,29,Bachelor,Marketing,568,Low,Male,Medium,Senior,Manager,Very High,14118,22102,12,Normal,Good,1
50,No,Travel_Rarely,Research & Development,29,Master,Life Sciences,569,Medium,Male,Medium,Senior,Manager,High,17046,9314,15,Normal,Better,27
30,No,Non-Travel,Research & Development,2,Bachelor,Medical,571,High,Female,High,Entry,Laboratory Technician,Very High,2564,7181,14,Normal,Good,11
60,No,Travel_Frequently,Sales,28,Bachelor,Marketing,573,High,Female,Medium,Mid,Sales Executive,Low,10266,2845,19,Normal,Best,18
47,No,Travel_Rarely,Research & Development,2,College,Medical,574,Low,Female,High,Junior,Manufacturing Director,Very High,5070,7389,13,Normal,Better,5
46,No,Travel_Rarely,Research & Development,2,Bachelor,Life Sciences,575,Low,Male,High,Senior,Research Director,High,17861,2288,13,Normal,Bad,3
35,No,Travel_Rarely,Research & Development,22,Bachelor,Life Sciences,577,Very High,Male,Low,Entry,Laboratory Technician,High,4230,19225,15,Normal,Better,5
54,No,Travel_Rarely,Research & Development,8,Master,Life Sciences,578,High,Female,High,Junior,Laboratory Technician,High,3780,23428,11,Normal,Better,1
34,No,Travel_Rarely,Research & Development,2,Master,Life Sciences,579,Very High,Male,Medium,Entry,Research Scientist,High,2768,8416,12,Normal,Better,7
46,No,Travel_Rarely,Sales,10,Bachelor,Marketing,580,High,Female,Medium,Mid,Sales Executive,Very High,9071,11563,19,Normal,Better,3
31,No,Travel_Rarely,Research & Development,9,Below College,Life Sciences,581,High,Male,High,Mid,Manufacturing Director,Medium,10648,14394,25,Excellent,Best,13
33,Yes,Travel_Rarely,Research & Development,15,Below College,Medical,582,Medium,Male,High,Mid,Manager,High,13610,24619,12,Normal,Best,7
33,Yes,Travel_Rarely,Research & Development,10,Below College,Medical,584,Low,Male,Low,Entry,Laboratory Technician,Very High,3408,6705,13,Normal,Better,4
30,No,Travel_Rarely,Sales,7,Below College,Marketing,585,Very High,Male,High,Entry,Sales Representative,Medium,2983,18398,14,Normal,Better,3
35,No,Travel_Rarely,Research & Development,16,Bachelor,Life Sciences,586,Very High,Male,High,Mid,Healthcare Representative,High,7632,14295,12,Normal,Better,8
31,Yes,Travel_Frequently,Research & Development,20,Bachelor,Life Sciences,587,Low,Male,High,Mid,Healthcare Representative,High,9824,22908,12,Normal,Better,1
34,Yes,Travel_Frequently,Human Resources,23,Bachelor,Human Resources,590,Medium,Female,High,Mid,Human Resources,Low,9950,11533,15,Normal,Better,3
42,No,Travel_Frequently,Research & Development,5,College,Other,591,Medium,Male,High,Entry,Laboratory Technician,High,2093,9260,17,Normal,Better,2
36,No,Non-Travel,Sales,10,Master,Medical,592,Medium,Male,High,Mid,Sales Executive,Very High,9980,15318,14,Normal,Good,10
22,Yes,Travel_Frequently,Research & Development,4,Below College,Technical Degree,593,High,Male,Medium,Entry,Laboratory Technician,High,3894,9129,16,Normal,Better,2
48,No,Travel_Rarely,Sales,2,Doctor,Marketing,595,Medium,Female,High,Junior,Sales Executive,Very High,4051,19658,14,Normal,Better,9
55,No,Travel_Rarely,Sales,18,Doctor,Life Sciences,597,Low,Female,High,Senior,Manager,Medium,16835,9873,23,Excellent,Better,10
41,No,Non-Travel,Sales,10,College,Life Sciences,599,Very High,Male,High,Junior,Sales Executive,Very High,6230,13430,14,Normal,Better,14
35,No,Travel_Rarely,Sales,1,Bachelor,Marketing,600,Medium,Male,High,Junior,Sales Executive,High,4717,18659,11,Normal,Better,11
40,No,Travel_Rarely,Research & Development,6,Bachelor,Life Sciences,601,Medium,Female,High,Senior,Manufacturing Director,High,13237,20364,15,Normal,Better,20
39,No,Travel_Frequently,Research & Development,8,Below College,Life Sciences,602,High,Female,High,Entry,Laboratory Technician,High,3755,17872,11,Normal,Better,8
31,No,Travel_Rarely,Sales,2,Below College,Life Sciences,604,Medium,Male,High,Junior,Sales Executive,Very High,6582,8346,13,Normal,Best,6
42,No,Travel_Rarely,Research & Development,24,Bachelor,Medical,605,Very High,Male,High,Mid,Manufacturing Director,Low,7406,6950,21,Excellent,Good,10
45,No,Travel_Rarely,Sales,2,Bachelor,Other,606,Very High,Male,High,Junior,Sales Executive,Medium,4805,16177,19,Normal,Best,8
26,Yes,Travel_Frequently,Human Resources,17,Master,Life Sciences,608,Medium,Female,High,Entry,Human Resources,High,2741,22808,11,Normal,Good,7
29,No,Travel_Rarely,Research & Development,19,Bachelor,Technical Degree,611,Very High,Male,High,Junior,Manufacturing Director,Very High,4262,22645,12,Normal,Best,3
33,No,Travel_Rarely,Research & Development,1,Doctor,Medical,612,Low,Female,Very High,Senior,Research Director,High,16184,22578,19,Normal,Better,6
31,No,Travel_Rarely,Sales,7,Bachelor,Life Sciences,613,High,Male,Medium,Mid,Manager,Very High,11557,25291,21,Excellent,Good,5
18,Yes,Travel_Frequently,Sales,5,Bachelor,Marketing,614,Medium,Male,High,Entry,Sales Representative,Medium,1878,8059,14,Normal,Better,0
40,No,Non-Travel,Sales,28,Bachelor,Other,615,High,Male,Low,Mid,Sales Executive,Low,10932,11373,15,Normal,Better,1
41,No,Non-Travel,Research & Development,2,Master,Other,616,Low,Female,Medium,Junior,Healthcare Representative,High,6811,2112,17,Normal,Better,8
26,No,Travel_Rarely,Sales,29,College,Medical,618,Low,Male,High,Junior,Sales Executive,High,4306,4267,12,Normal,Better,0
35,No,Travel_Rarely,Sales,1,Bachelor,Medical,620,Low,Female,High,Junior,Sales Executive,High,4859,6698,16,Normal,Better,5
34,No,Travel_Rarely,Sales,21,Master,Life Sciences,621,Very High,Male,Very High,Junior,Sales Executive,Very High,5337,19921,12,Normal,Better,10
26,Yes,Travel_Rarely,Research & Development,24,Bachelor,Technical Degree,622,High,Male,Low,Entry,Laboratory Technician,Very High,2340,23213,18,Normal,Bad,1
37,No,Travel_Rarely,Research & Development,1,Bachelor,Technical Degree,623,Medium,Female,High,Mid,Manufacturing Director,Very High,7491,23848,17,Normal,Best,6
46,No,Travel_Frequently,Research & Development,18,Below College,Medical,624,Low,Female,High,Mid,Healthcare Representative,High,10527,8984,11,Normal,Good,2
41,No,Travel_Rarely,Sales,2,Doctor,Life Sciences,625,Medium,Female,High,Senior,Manager,Low,16595,5626,16,Normal,Better,18
37,No,Non-Travel,Sales,9,Master,Medical,626,Low,Male,High,Mid,Sales Executive,Medium,8834,24666,13,Normal,Better,9
52,No,Travel_Rarely,Research & Development,6,College,Technical Degree,630,Very High,Male,High,Junior,Research Scientist,Low,5577,22087,12,Normal,Better,10
32,Yes,Non-Travel,Sales,11,Master,Other,631,Very High,Male,Very High,Junior,Sales Executive,High,4707,23914,12,Normal,Better,4
24,No,Travel_Frequently,Sales,24,Bachelor,Medical,632,Very High,Male,High,Entry,Sales Representative,Very High,2400,5530,13,Normal,Better,2
38,No,Travel_Rarely,Research & Development,10,Bachelor,Medical,634,High,Female,High,Junior,Healthcare Representative,High,9824,22174,19,Normal,Better,1
37,No,Travel_Rarely,Research & Development,1,Master,Life Sciences,635,Medium,Female,High,Junior,Manufacturing Director,Medium,6447,15701,12,Normal,Good,6
49,No,Travel_Rarely,Research & Development,18,Master,Life Sciences,638,Very High,Male,Medium,Executive,Research Director,High,19502,2125,17,Normal,Better,31
24,No,Travel_Rarely,Research & Development,23,Bachelor,Medical,639,Medium,Male,Very High,Entry,Research Scientist,Very High,2725,21630,11,Normal,Better,6
26,No,Travel_Rarely,Sales,28,College,Marketing,641,Low,Male,High,Junior,Sales Executive,Medium,6272,7428,20,Excellent,Best,5
24,No,Travel_Rarely,Research & Development,17,College,Other,643,Very High,Male,Medium,Entry,Laboratory Technician,Medium,2127,9100,21,Excellent,Better,1
50,No,Travel_Frequently,Human Resources,3,Bachelor,Medical,644,Low,Male,High,Executive,Manager,Medium,18200,7999,11,Normal,Better,32
25,No,Travel_Rarely,Sales,13,Below College,Medical,645,Medium,Male,High,Entry,Sales Representative,High,2096,26376,11,Normal,Better,7
24,Yes,Travel_Frequently,Research & Development,7,Bachelor,Life Sciences,647,Low,Female,High,Entry,Laboratory Technician,High,2886,14168,16,Normal,Better,6
30,Yes,Travel_Frequently,Sales,12,Master,Life Sciences,648,Medium,Male,Medium,Entry,Sales Representative,Low,2033,14470,18,Normal,Best,1
34,No,Travel_Rarely,Research & Development,1,College,Life Sciences,649,Medium,Male,Medium,Entry,Research Scientist,Very High,3622,22794,13,Normal,Better,6
31,Yes,Travel_Rarely,Sales,13,Master,Medical,650,Medium,Male,High,Junior,Sales Executive,Low,4233,11512,17,Normal,Bad,3
35,No,Travel_Rarely,Research & Development,25,College,Other,652,Low,Male,Medium,Junior,Laboratory Technician,Very High,3681,14004,14,Normal,Better,3
31,No,Travel_Rarely,Sales,6,Master,Medical,653,Low,Male,Very High,Junior,Sales Executive,Very High,5460,6219,22,Excellent,Best,7
27,No,Travel_Rarely,Research & Development,6,Master,Medical,655,Low,Female,Medium,Entry,Research Scientist,High,2187,5013,12,Normal,Good,5
37,No,Travel_Rarely,Sales,2,Bachelor,Marketing,656,Very High,Male,High,Junior,Sales Executive,High,9602,3010,11,Normal,Good,3
20,No,Travel_Rarely,Research & Development,1,Bachelor,Life Sciences,657,Very High,Female,Medium,Entry,Research Scientist,Medium,2836,11757,13,Normal,Best,1
42,No,Travel_Rarely,Research & Development,2,Master,Life Sciences,659,High,Female,High,Junior,Healthcare Representative,Very High,4089,5718,13,Normal,Better,10
43,No,Travel_Rarely,Research & Development,6,Master,Other,661,Medium,Male,Medium,Senior,Research Director,Very High,16627,2671,14,Normal,Good,1
38,No,Travel_Rarely,Research & Development,1,Below College,Life Sciences,662,High,Female,High,Entry,Research Scientist,Low,2619,14561,17,Normal,Good,0
43,No,Travel_Frequently,Research & Development,9,Doctor,Medical,663,Very High,Male,High,Junior,Laboratory Technician,High,5679,19627,13,Normal,Better,8
48,No,Travel_Rarely,Research & Development,1,Master,Life Sciences,664,Very High,Female,Medium,Senior,Manager,Low,15402,17997,11,Normal,Bad,3
44,No,Travel_Rarely,Human Resources,1,Master,Life Sciences,665,Low,Female,Medium,Junior,Human Resources,High,5985,26894,11,Normal,Best,2
34,No,Travel_Rarely,Sales,14,Bachelor,Technical Degree,666,High,Female,High,Entry,Sales Representative,High,2579,2912,18,Normal,Better,8
27,Yes,Travel_Rarely,Sales,2,Below College,Marketing,667,High,Male,High,Entry,Sales Representative,Low,3041,16346,11,Normal,Better,4
21,No,Travel_Rarely,Sales,22,Below College,Technical Degree,669,High,Male,High,Entry,Sales Representative,High,3447,24444,11,Normal,Better,3
44,No,Travel_Rarely,Research & Development,3,Master,Other,671,Very High,Male,High,Executive,Manager,Very High,19513,9358,12,Normal,Best,2
22,No,Travel_Rarely,Research & Development,6,Below College,Medical,675,Low,Male,High,Entry,Research Scientist,High,2773,12145,20,Excellent,Better,2
33,No,Travel_Rarely,Sales,8,Master,Marketing,677,High,Male,High,Junior,Sales Executive,High,7104,20431,12,Normal,Better,5
32,No,Travel_Rarely,Research & Development,9,Master,Life Sciences,679,Low,Female,High,Junior,Research Scientist,Very High,6322,18089,12,Normal,Good,6
30,No,Travel_Frequently,Research & Development,3,Bachelor,Medical,680,High,Female,High,Entry,Research Scientist,High,2083,22653,20,Excellent,Better,1
53,No,Travel_Rarely,Sales,1,Below College,Medical,682,Very High,Female,High,Junior,Sales Executive,Low,8381,7507,20,Excellent,Best,14
34,No,Travel_Rarely,Research & Development,1,Doctor,Life Sciences,683,Medium,Male,High,Entry,Research Scientist,Very High,2691,7660,12,Normal,Good,10
45,Yes,Travel_Frequently,Sales,26,Master,Life Sciences,684,Low,Female,High,Junior,Sales Executive,Low,4286,5630,14,Normal,Better,1
26,No,Travel_Rarely,Research & Development,6,Bachelor,Life Sciences,686,High,Female,High,Entry,Laboratory Technician,Very High,2659,17759,13,Normal,Better,3
37,No,Travel_Rarely,Research & Development,3,Bachelor,Other,689,High,Male,High,Mid,Manufacturing Director,High,9434,9606,15,Normal,Better,10
29,No,Travel_Rarely,Sales,3,College,Medical,690,Medium,Female,High,Junior,Sales Executive,High,5561,3487,14,Normal,Good,6
35,No,Travel_Rarely,Research & Development,6,Master,Life Sciences,691,Medium,Male,Low,Junior,Research Scientist,Very High,6646,19368,13,Normal,Better,17
33,No,Travel_Frequently,Research & Development,6,Bachelor,Life Sciences,692,High,Male,High,Junior,Healthcare Representative,Very High,7725,5335,23,Excellent,Bad,13
54,No,Travel_Rarely,Human Resources,19,Master,Medical,698,High,Male,High,Mid,Human Resources,Medium,10725,6729,15,Normal,Best,9
36,No,Travel_Rarely,Research & Development,9,College,Medical,699,Medium,Male,Medium,Junior,Manufacturing Director,Medium,8847,13934,11,Normal,Better,3
27,No,Travel_Rarely,Research & Development,3,Master,Medical,700,Low,Male,Medium,Entry,Research Scientist,Very High,2045,15174,13,Normal,Better,4
20,Yes,Travel_Rarely,Research & Development,10,Below College,Medical,701,Very High,Male,High,Entry,Research Scientist,High,1009,26999,11,Normal,Better,1
33,Yes,Travel_Frequently,Research & Development,3,Bachelor,Life Sciences,702,Low,Male,High,Entry,Research Scientist,Low,3348,3164,11,Normal,Better,10
35,No,Non-Travel,Research & Development,3,Bachelor,Life Sciences,704,High,Male,Medium,Entry,Laboratory Technician,High,1281,16900,18,Normal,Better,1
23,No,Travel_Rarely,Research & Development,4,Bachelor,Medical,705,Low,Male,Very High,Entry,Research Scientist,Low,2819,8544,16,Normal,Best,3
25,No,Travel_Rarely,Sales,8,Bachelor,Life Sciences,707,Very High,Male,Very High,Junior,Sales Executive,Medium,4851,15678,22,Excellent,Better,3
38,No,Travel_Rarely,Sales,7,Master,Marketing,709,Very High,Female,Medium,Junior,Sales Executive,Very High,4028,7791,20,Excellent,Better,7
29,No,Travel_Frequently,Research & Development,1,Master,Life Sciences,710,Medium,Male,Low,Entry,Research Scientist,Very High,2720,18959,18,Normal,Better,10
48,No,Travel_Rarely,Sales,2,Below College,Marketing,712,Medium,Male,Very High,Junior,Sales Executive,Medium,8120,18597,12,Normal,Better,2
27,No,Travel_Frequently,Sales,3,Below College,Medical,714,Very High,Female,Very High,Junior,Sales Executive,Very High,4647,16673,20,Excellent,Better,6
37,No,Travel_Rarely,Research & Development,10,College,Life Sciences,715,Very High,Male,Very High,Entry,Research Scientist,Very High,4680,15232,17,Normal,Better,1
50,No,Travel_Rarely,Research & Development,28,Below College,Medical,716,Very High,Male,Very High,Entry,Laboratory Technician,High,3221,3297,11,Normal,Better,20
34,No,Travel_Rarely,Research & Development,9,Bachelor,Medical,717,Very High,Female,Medium,Mid,Healthcare Representative,Medium,8621,17654,14,Normal,Best,8
24,Yes,Travel_Rarely,Sales,3,College,Life Sciences,720,Low,Female,High,Junior,Sales Executive,High,4577,24785,14,Normal,Better,2
39,No,Travel_Rarely,Research & Development,2,Master,Technical Degree,721,Very High,Female,Medium,Junior,Healthcare Representative,High,4553,20978,11,Normal,Better,20
32,No,Travel_Rarely,Sales,10,Bachelor,Marketing,722,Very High,Male,High,Junior,Sales Executive,Very High,5396,21703,12,Normal,Good,10
50,Yes,Travel_Frequently,Sales,8,College,Technical Degree,723,Medium,Male,High,Junior,Sales Executive,High,6796,23452,14,Normal,Better,4
38,No,Travel_Rarely,Research & Development,1,Master,Life Sciences,724,Medium,Female,Very High,Junior,Healthcare Representative,Very High,7625,19383,13,Normal,Good,9
27,No,Travel_Rarely,Research & Development,1,College,Life Sciences,725,High,Female,High,Mid,Manufacturing Director,Low,7412,6009,11,Normal,Better,9
32,No,Travel_Rarely,Research & Development,3,College,Life Sciences,727,High,Female,High,Mid,Research Director,Very High,11159,19373,15,Normal,Better,7
47,No,Travel_Rarely,Sales,14,Master,Marketing,728,Very High,Male,High,Junior,Sales Executive,Low,4960,11825,12,Normal,Better,7
40,No,Travel_Frequently,Sales,5,Master,Life Sciences,729,Very High,Male,Medium,Mid,Sales Executive,Low,10475,23772,21,Excellent,Better,18
53,No,Travel_Rarely,Research & Development,7,Bachelor,Life Sciences,730,High,Male,Very High,Senior,Research Director,High,14814,13514,19,Normal,Better,5
41,No,Travel_Rarely,Human Resources,10,Master,Human Resources,731,Medium,Male,Medium,Executive,Manager,Very High,19141,8861,15,Normal,Good,21
60,No,Travel_Rarely,Sales,16,Master,Marketing,732,Low,Male,High,Junior,Sales Executive,Low,5405,11924,14,Normal,Better,2
27,No,Travel_Frequently,Research & Development,10,College,Life Sciences,733,Very High,Male,High,Mid,Manufacturing Director,Low,8793,4809,21,Excellent,Good,9
41,No,Travel_Rarely,Human Resources,1,Bachelor,Human Resources,734,Very High,Male,Medium,Executive,Manager,High,19189,19562,12,Normal,Better,22
50,No,Travel_Rarely,Sales,8,Master,Marketing,738,Very High,Male,High,Entry,Sales Representative,Medium,3875,9983,15,Normal,Better,2
28,Yes,Travel_Rarely,Research & Development,1,College,Life Sciences,741,Low,Female,Low,Entry,Research Scientist,Medium,2216,3872,13,Normal,Better,7
36,No,Non-Travel,Research & Development,8,Bachelor,Life Sciences,742,Low,Female,Very High,Mid,Research Director,Low,11713,20335,14,Normal,Better,8
38,No,Travel_Rarely,Research & Development,1,Bachelor,Life Sciences,743,High,Female,High,Mid,Manufacturing Director,High,7861,15397,14,Normal,Best,1
44,No,Non-Travel,Research & Development,24,Bachelor,Medical,744,Low,Male,Low,Entry,Laboratory Technician,High,3708,2104,14,Normal,Better,5
47,No,Travel_Frequently,Sales,3,Bachelor,Medical,746,Very High,Female,High,Senior,Sales Executive,High,13770,10225,12,Normal,Good,22
30,No,Travel_Rarely,Sales,27,Doctor,Marketing,747,High,Male,High,Junior,Sales Executive,Very High,5304,25275,23,Excellent,Good,8
29,No,Travel_Rarely,Sales,10,Bachelor,Life Sciences,749,High,Male,High,Entry,Sales Representative,High,2642,2755,11,Normal,Better,1
42,Yes,Travel_Frequently,Research & Development,19,Bachelor,Medical,752,High,Male,Very High,Entry,Research Scientist,High,2759,20366,12,Normal,Better,2
43,No,Travel_Frequently,Sales,15,Bachelor,Life Sciences,754,Very High,Male,Medium,Junior,Sales Executive,Very High,6804,23683,18,Normal,Better,2
34,No,Travel_Rarely,Research & Development,8,College,Medical,757,Medium,Female,High,Junior,Healthcare Representative,High,6142,7360,11,Normal,Better,5
23,No,Travel_Rarely,Research & Development,9,Below College,Medical,758,Medium,Male,High,Entry,Laboratory Technician,Low,2500,4344,14,Normal,Best,4
39,No,Travel_Rarely,Human Resources,3,Bachelor,Human Resources,760,High,Female,Very High,Junior,Human Resources,Medium,6389,18767,15,Normal,Bad,8
56,No,Travel_Rarely,Research & Development,9,Bachelor,Medical,762,High,Male,High,Senior,Healthcare Representative,Very High,11103,20420,11,Normal,Good,10
40,No,Travel_Rarely,Research & Development,2,Below College,Medical,763,Very High,Female,Medium,Entry,Research Scientist,Very High,2342,22929,20,Excellent,Good,4
27,No,Travel_Rarely,Research & Development,7,Bachelor,Medical,764,Very High,Female,Medium,Junior,Healthcare Representative,Low,6811,23398,19,Normal,Bad,7
29,No,Travel_Rarely,Sales,10,Bachelor,Marketing,766,Very High,Male,High,Entry,Sales Representative,Medium,2297,17967,14,Normal,Better,2
53,No,Travel_Rarely,Research & Development,6,Bachelor,Life Sciences,769,Very High,Male,High,Junior,Laboratory Technician,Very High,2450,10919,17,Normal,Better,2
35,No,Non-Travel,Research & Development,2,Master,Life Sciences,771,Very High,Female,High,Junior,Healthcare Representative,Low,5093,4761,11,Normal,Best,1
32,No,Travel_Frequently,Research & Development,24,Master,Life Sciences,772,Low,Male,High,Junior,Laboratory Technician,Very High,5309,21146,15,Normal,Better,10
38,No,Travel_Rarely,Research & Development,2,Doctor,Medical,773,Very High,Male,High,Entry,Research Scientist,High,3057,20471,13,Normal,Bad,1
34,No,Travel_Rarely,Research & Development,8,Doctor,Life Sciences,775,Medium,Female,High,Junior,Manufacturing Director,Low,5121,4187,14,Normal,Better,0
52,No,Travel_Rarely,Sales,3,Master,Marketing,776,High,Male,Medium,Senior,Manager,Low,16856,10084,11,Normal,Best,34
33,Yes,Travel_Rarely,Research & Development,1,Master,Other,780,Very High,Male,High,Entry,Research Scientist,Very High,2686,5207,13,Normal,Good,10
25,No,Travel_Rarely,Sales,26,Below College,Medical,781,High,Female,High,Junior,Sales Executive,Very High,6180,22807,23,Excellent,Good,6
45,No,Travel_Rarely,Sales,2,College,Technical Degree,783,Medium,Male,Low,Junior,Sales Representative,High,6632,12388,13,Normal,Better,8
23,No,Travel_Rarely,Research & Development,10,Below College,Medical,784,Low,Male,Very High,Entry,Research Scientist,High,3505,19630,18,Normal,Better,2
47,Yes,Travel_Frequently,Sales,27,College,Life Sciences,785,Medium,Female,Very High,Junior,Sales Executive,High,6397,10339,12,Normal,Better,5
34,No,Travel_Rarely,Sales,2,Bachelor,Other,786,Very High,Male,High,Junior,Sales Executive,Very High,6274,18686,22,Excellent,Better,6
55,Yes,Travel_Rarely,Research & Development,2,Bachelor,Medical,787,Very High,Male,High,Executive,Manager,Low,19859,21199,13,Normal,Better,5
36,No,Non-Travel,Sales,8,Master,Life Sciences,789,Low,Male,Medium,Mid,Sales Executive,Low,7587,14229,15,Normal,Better,10
52,No,Non-Travel,Research & Development,19,Master,Medical,791,Very High,Male,High,Entry,Research Scientist,Very High,4258,26589,18,Normal,Better,4
26,No,Travel_Frequently,Research & Development,1,College,Life Sciences,792,Low,Female,Low,Entry,Laboratory Technician,Very High,4364,5288,14,Normal,Better,2
29,No,Travel_Rarely,Research & Development,27,Bachelor,Medical,793,Medium,Female,High,Junior,Healthcare Representative,High,4335,25549,12,Normal,Good,8
26,Yes,Travel_Rarely,Sales,8,Bachelor,Technical Degree,796,Very High,Male,Medium,Junior,Sales Executive,Low,5326,3064,17,Normal,Good,4
34,No,Travel_Rarely,Research & Development,1,Master,Life Sciences,797,Medium,Female,Very High,Entry,Research Scientist,Very High,3280,13551,16,Normal,Better,4
54,No,Travel_Rarely,Research & Development,19,Master,Medical,799,Very High,Female,High,Junior,Manufacturing Director,Low,5485,22670,11,Normal,Better,5
27,No,Travel_Frequently,Sales,8,Below College,Marketing,800,High,Male,High,Junior,Sales Executive,Very High,4342,24008,19,Normal,Better,4
37,No,Travel_Rarely,Research & Development,10,Below College,Life Sciences,802,Very High,Female,High,Entry,Research Scientist,Low,2782,19905,13,Normal,Good,5
38,No,Travel_Frequently,Research & Development,2,Master,Life Sciences,803,Low,Female,Very High,Junior,Manufacturing Director,Low,5980,26085,12,Normal,Better,15
34,No,Travel_Rarely,Research & Development,2,Master,Medical,804,High,Female,Medium,Entry,Research Scientist,Low,4381,7530,11,Normal,Better,6
35,No,Travel_Rarely,Sales,8,Master,Life Sciences,805,Low,Female,High,Entry,Sales Representative,Very High,2572,20317,16,Normal,Good,3
30,No,Travel_Rarely,Research & Development,1,Bachelor,Life Sciences,806,Very High,Male,Low,Entry,Laboratory Technician,High,3833,24375,21,Excellent,Better,2
40,No,Travel_Frequently,Research & Development,2,College,Medical,807,High,Female,Very High,Junior,Healthcare Representative,Medium,4244,9931,24,Excellent,Better,8
34,No,Travel_Rarely,Sales,8,College,Life Sciences,808,High,Female,High,Junior,Sales Executive,Low,6500,13305,17,Normal,Better,3
42,No,Travel_Frequently,Research & Development,8,Bachelor,Life Sciences,809,Medium,Male,High,Executive,Manager,Very High,18430,16225,13,Normal,Good,24
23,Yes,Travel_Rarely,Research & Development,6,Bachelor,Life Sciences,811,High,Male,Very High,Entry,Laboratory Technician,Low,1601,3445,21,Excellent,Better,0
24,No,Non-Travel,Research & Development,9,Bachelor,Life Sciences,812,High,Male,Medium,Entry,Laboratory Technician,Medium,2694,26551,11,Normal,Better,1
52,No,Travel_Rarely,Research & Development,11,Master,Life Sciences,813,Very High,Female,High,Junior,Laboratory Technician,High,3149,21821,20,Excellent,Better,5
50,No,Travel_Rarely,Research & Development,2,Bachelor,Medical,815,High,Male,High,Senior,Research Director,High,17639,6881,16,Normal,Better,4
29,Yes,Travel_Rarely,Research & Development,1,College,Life Sciences,816,Medium,Female,Medium,Entry,Laboratory Technician,Low,2319,6689,11,Normal,Better,1
33,No,Travel_Rarely,Research & Development,7,Bachelor,Medical,817,High,Male,High,Mid,Research Director,High,11691,25995,11,Normal,Best,13
33,Yes,Travel_Rarely,Sales,16,Bachelor,Marketing,819,Low,Female,High,Junior,Sales Executive,Low,5324,26507,15,Normal,Better,3
47,No,Travel_Rarely,Research & Development,2,College,Other,820,High,Female,High,Senior,Manager,Very High,16752,12982,11,Normal,Good,26
36,No,Travel_Rarely,Research & Development,1,Bachelor,Other,823,High,Female,High,Junior,Manufacturing Director,Medium,5228,23361,15,Normal,Better,9
29,No,Travel_Rarely,Research & Development,23,College,Life Sciences,824,High,Male,Very High,Entry,Research Scientist,High,2700,23779,24,Excellent,Better,10
58,Yes,Travel_Rarely,Research & Development,2,Master,Life Sciences,825,Very High,Male,High,Executive,Research Director,Medium,19246,25761,12,Normal,Better,31
35,No,Travel_Rarely,Research & Development,1,Master,Life Sciences,826,Very High,Female,Very High,Entry,Research Scientist,High,2506,13301,13,Normal,Better,2
42,No,Travel_Rarely,Research & Development,1,College,Life Sciences,827,Very High,Female,Medium,Junior,Manufacturing Director,Very High,6062,4051,13,Normal,Better,4
28,Yes,Travel_Rarely,Research & Development,2,Master,Medical,828,High,Male,High,Entry,Research Scientist,High,4382,16374,17,Normal,Good,2
36,No,Travel_Rarely,Human Resources,13,Bachelor,Human Resources,829,High,Male,High,Entry,Human Resources,Medium,2143,25527,13,Normal,Better,5
32,No,Travel_Rarely,Research & Development,4,Bachelor,Life Sciences,830,High,Female,Medium,Junior,Manufacturing Director,High,6162,19124,12,Normal,Better,14
40,No,Travel_Frequently,Research & Development,16,Master,Medical,832,Low,Male,Medium,Junior,Laboratory Technician,High,5094,11983,14,Normal,Better,1
30,No,Travel_Rarely,Research & Development,2,Bachelor,Medical,833,High,Female,Medium,Junior,Manufacturing Director,Very High,6877,20234,24,Excellent,Good,0
45,No,Travel_Rarely,Research & Development,2,Bachelor,Life Sciences,834,Medium,Female,Medium,Entry,Research Scientist,High,2274,6153,14,Normal,Better,1
42,No,Travel_Rarely,Research & Development,29,Bachelor,Life Sciences,836,Medium,Male,High,Junior,Manufacturing Director,Medium,4434,11806,13,Normal,Good,9
38,No,Travel_Frequently,Research & Development,12,Bachelor,Life Sciences,837,Low,Male,Medium,Junior,Healthcare Representative,Low,6288,4284,15,Normal,Good,4
34,No,Travel_Frequently,Research & Development,16,Master,Life Sciences,838,High,Female,Medium,Entry,Research Scientist,Very High,2553,8306,16,Normal,Better,5
49,Yes,Travel_Rarely,Sales,11,Bachelor,Marketing,840,High,Female,High,Mid,Sales Executive,Very High,7654,5860,18,Normal,Best,9
55,Yes,Travel_Rarely,Sales,2,Below College,Medical,842,High,Male,High,Junior,Sales Executive,Very High,5160,21519,16,Normal,Good,9
43,No,Travel_Rarely,Research & Development,14,College,Life Sciences,843,Medium,Male,High,Senior,Research Director,Low,17159,5200,24,Excellent,Better,4
27,No,Travel_Rarely,Research & Development,5,Below College,Technical Degree,844,High,Male,Medium,Mid,Research Director,Very High,12808,8842,16,Normal,Better,9
35,No,Travel_Rarely,Research & Development,7,Bachelor,Other,845,High,Male,High,Mid,Manufacturing Director,High,10221,18869,21,Excellent,Best,8
28,No,Travel_Rarely,Sales,2,Master,Marketing,846,Medium,Female,High,Junior,Sales Executive,Medium,4779,3698,20,Excellent,Better,8
34,No,Travel_Rarely,Human Resources,3,College,Human Resources,847,High,Male,High,Entry,Human Resources,Very High,3737,2243,19,Normal,Bad,3
26,Yes,Travel_Frequently,Research & Development,5,College,Medical,848,High,Female,Medium,Entry,Research Scientist,High,2366,20898,14,Normal,Better,8
27,No,Non-Travel,Research & Development,3,Bachelor,Medical,850,Very High,Male,High,Entry,Research Scientist,Very High,1706,16571,11,Normal,Good,0
51,No,Travel_Rarely,Sales,26,Master,Marketing,851,Low,Female,High,Senior,Manager,High,16307,5594,14,Normal,Good,20
44,No,Travel_Rarely,Research & Development,4,Bachelor,Medical,852,Very High,Male,High,Junior,Healthcare Representative,Medium,5933,5197,12,Normal,Good,5
25,No,Travel_Rarely,Research & Development,2,Below College,Medical,854,Low,Male,Very High,Entry,Research Scientist,Low,3424,21632,13,Normal,Good,4
33,No,Travel_Rarely,Sales,1,Bachelor,Medical,855,Low,Male,Very High,Junior,Sales Executive,Low,4037,21816,22,Excellent,Better,9
35,No,Travel_Rarely,Research & Development,27,Below College,Medical,856,High,Female,Medium,Entry,Research Scientist,Low,2559,17852,11,Normal,Good,6
36,No,Travel_Rarely,Sales,1,College,Life Sciences,857,Medium,Male,High,Junior,Sales Executive,Very High,6201,2823,14,Normal,Good,18
32,No,Travel_Rarely,Sales,13,Master,Life Sciences,859,Medium,Male,High,Junior,Sales Executive,Very High,4403,9250,11,Normal,Good,5
30,No,Travel_Frequently,Research & Development,5,Master,Life Sciences,861,Medium,Male,Medium,Entry,Research Scientist,Very High,3761,2373,12,Normal,Good,5
53,No,Travel_Rarely,Sales,7,College,Marketing,862,Low,Female,Medium,Mid,Sales Executive,Very High,10934,20715,18,Normal,Better,5
45,No,Travel_Rarely,Sales,9,Bachelor,Marketing,864,Very High,Male,High,Mid,Sales Executive,Low,10761,19239,12,Normal,Better,5
32,No,Travel_Rarely,Research & Development,8,College,Medical,865,High,Female,Very High,Junior,Research Scientist,High,5175,22162,12,Normal,Good,5
52,No,Travel_Frequently,Research & Development,25,Master,Medical,867,High,Female,Medium,Senior,Manufacturing Director,Very High,13826,19028,22,Excellent,Better,9
37,No,Travel_Rarely,Sales,16,Master,Marketing,868,Very High,Male,Medium,Junior,Sales Executive,High,6334,24558,19,Normal,Better,1
28,No,Travel_Rarely,Human Resources,8,College,Medical,869,Medium,Male,Medium,Entry,Human Resources,Very High,4936,23965,13,Normal,Better,5
22,No,Travel_Rarely,Research & Development,1,College,Life Sciences,872,Very High,Male,Medium,Junior,Manufacturing Director,Very High,4775,19146,22,Excellent,Bad,2
44,No,Travel_Rarely,Research & Development,8,Master,Life Sciences,874,Low,Male,Very High,Entry,Laboratory Technician,Very High,2818,5044,24,Excellent,Good,3
42,No,Travel_Frequently,Research & Development,2,Below College,Medical,875,Medium,Male,High,Entry,Research Scientist,Very High,2515,9068,14,Normal,Better,2
36,No,Travel_Rarely,Human Resources,8,Bachelor,Life Sciences,878,Low,Male,Medium,Entry,Human Resources,Low,2342,8635,21,Excellent,Better,5
25,No,Travel_Rarely,Sales,3,Below College,Other,879,High,Male,High,Junior,Sales Executive,Low,4194,14363,18,Normal,Better,5
35,No,Travel_Rarely,Research & Development,9,Bachelor,Life Sciences,880,Very High,Female,Medium,Mid,Manufacturing Director,High,10685,23457,20,Excellent,Better,17
35,Yes,Travel_Frequently,Research & Development,25,Master,Life Sciences,881,Very High,Female,High,Entry,Research Scientist,Medium,2022,16612,19,Normal,Good,10
32,No,Non-Travel,Research & Development,1,Bachelor,Life Sciences,882,Very High,Male,High,Entry,Laboratory Technician,Very High,2314,9148,12,Normal,Better,3
25,No,Travel_Rarely,Sales,4,Below College,Marketing,885,High,Male,Medium,Junior,Sales Executive,Low,4256,18154,12,Normal,Best,5
49,No,Travel_Rarely,Research & Development,1,Bachelor,Technical Degree,887,High,Female,High,Entry,Research Scientist,Low,3580,10554,16,Normal,Better,4
24,No,Non-Travel,Research & Development,4,Below College,Life Sciences,888,Low,Male,Medium,Entry,Laboratory Technician,Very High,3162,10778,17,Normal,Good,5
32,No,Travel_Frequently,Sales,5,College,Life Sciences,889,Medium,Male,High,Junior,Sales Executive,Medium,6524,8891,14,Normal,Better,10
38,No,Travel_Rarely,Sales,9,Bachelor,Marketing,893,Medium,Male,Medium,Entry,Sales Representative,Medium,2899,12102,19,Normal,Better,2
42,No,Travel_Rarely,Research & Development,3,Bachelor,Life Sciences,894,High,Female,Very High,Junior,Laboratory Technician,Very High,5231,23726,13,Normal,Good,5
31,No,Travel_Rarely,Research & Development,11,Master,Life Sciences,895,Very High,Male,High,Entry,Research Scientist,Very High,2356,14871,19,Normal,Better,6
29,Yes,Travel_Rarely,Sales,1,Bachelor,Medical,896,Medium,Female,Medium,Entry,Sales Representative,High,2800,23522,19,Normal,Better,3
53,No,Travel_Rarely,Sales,8,Bachelor,Marketing,897,Low,Male,High,Senior,Sales Executive,Very High,11836,22789,14,Normal,Better,2
35,No,Travel_Rarely,Research & Development,25,Bachelor,Technical Degree,899,Very High,Male,Medium,Mid,Manufacturing Director,Medium,10903,9129,16,Normal,Better,13
37,No,Travel_Frequently,Sales,21,College,Medical,900,High,Female,High,Entry,Sales Representative,Very High,2973,21222,15,Normal,Better,5
53,No,Travel_Rarely,Research & Development,23,Master,Life Sciences,901,Very High,Female,High,Senior,Research Director,Very High,14275,20206,18,Normal,Better,12
43,No,Travel_Frequently,Research & Development,1,Bachelor,Life Sciences,902,Very High,Female,High,Junior,Healthcare Representative,Very High,5562,21782,13,Normal,Good,5
47,No,Travel_Rarely,Sales,2,College,Marketing,903,High,Female,High,Junior,Sales Executive,Very High,4537,17783,22,Excellent,Better,7
37,No,Non-Travel,Sales,19,College,Medical,904,Low,Male,High,Mid,Sales Executive,Medium,7642,4814,13,Normal,Better,10
50,No,Non-Travel,Research & Development,2,Master,Life Sciences,905,Low,Male,High,Senior,Manager,Low,17924,4544,11,Normal,Better,31
39,No,Travel_Rarely,Human Resources,2,Bachelor,Life Sciences,909,Very High,Female,Medium,Junior,Human Resources,Very High,5204,7790,11,Normal,Better,5
33,No,Travel_Rarely,Human Resources,3,College,Human Resources,910,Very High,Male,High,Entry,Human Resources,Medium,2277,22650,11,Normal,Best,4
32,Yes,Travel_Rarely,Research & Development,25,Master,Life Sciences,911,Low,Male,High,Entry,Laboratory Technician,Very High,2795,18016,24,Excellent,Bad,1
29,No,Travel_Rarely,Research & Development,7,Below College,Medical,912,Low,Female,Medium,Entry,Laboratory Technician,Very High,2532,6054,14,Normal,Better,4
44,No,Travel_Rarely,Research & Development,9,College,Life Sciences,913,Medium,Male,High,Entry,Research Scientist,Low,2559,7508,13,Normal,Better,8
28,No,Travel_Rarely,Sales,5,Master,Medical,916,Low,Male,High,Junior,Sales Executive,Very High,4908,24252,14,Normal,Better,4
58,Yes,Travel_Frequently,Research & Development,2,Below College,Life Sciences,918,Very High,Male,Medium,Entry,Laboratory Technician,Very High,2380,13384,14,Normal,Good,1
43,No,Travel_Rarely,Research & Development,8,Bachelor,Life Sciences,920,Low,Female,High,Junior,Manufacturing Director,Medium,4765,23814,21,Excellent,Best,1
20,Yes,Travel_Rarely,Sales,2,Bachelor,Medical,922,High,Female,Medium,Entry,Sales Representative,High,2044,22052,13,Normal,Good,2
21,Yes,Travel_Rarely,Research & Development,18,Below College,Other,923,Very High,Female,High,Entry,Research Scientist,Very High,2693,8870,19,Normal,Good,1
36,No,Travel_Rarely,Research & Development,14,Below College,Life Sciences,924,High,Male,High,Junior,Healthcare Representative,Very High,6586,4821,17,Normal,Good,16
47,No,Travel_Rarely,Sales,2,Master,Life Sciences,925,Very High,Female,Medium,Entry,Sales Representative,Very High,3294,13137,18,Normal,Good,3
22,Yes,Travel_Rarely,Research & Development,3,Below College,Life Sciences,926,Medium,Female,High,Junior,Manufacturing Director,High,4171,10022,19,Normal,Best,3
41,Yes,Travel_Rarely,Research & Development,2,Master,Life Sciences,927,Medium,Female,Low,Entry,Laboratory Technician,Very High,2778,17725,13,Normal,Good,7
28,No,Travel_Rarely,Research & Development,9,Bachelor,Medical,930,High,Female,High,Entry,Research Scientist,High,2377,9834,18,Normal,Better,2
39,Yes,Travel_Rarely,Research & Development,6,Bachelor,Medical,932,Very High,Male,High,Entry,Laboratory Technician,Low,2404,4303,21,Excellent,Bad,2
27,No,Travel_Rarely,Research & Development,4,Bachelor,Life Sciences,933,Medium,Female,High,Entry,Research Scientist,High,2318,17808,19,Normal,Better,1
34,No,Travel_Rarely,Research & Development,10,Bachelor,Life Sciences,934,Medium,Male,High,Entry,Laboratory Technician,Medium,2008,6896,14,Normal,Better,1
42,No,Travel_Rarely,Sales,14,College,Medical,936,High,Female,Medium,Junior,Sales Executive,High,6244,7824,17,Normal,Better,5
33,No,Travel_Rarely,Research & Development,1,Master,Other,939,High,Male,Medium,Entry,Research Scientist,Low,2799,3339,11,Normal,Better,3
58,No,Travel_Rarely,Research & Development,5,Bachelor,Technical Degree,940,High,Female,Medium,Mid,Healthcare Representative,Medium,10552,9255,13,Normal,Better,6
31,No,Travel_Rarely,Sales,7,Master,Life Sciences,941,Medium,Male,Medium,Entry,Sales Representative,High,2329,11737,15,Normal,Best,7
35,No,Travel_Rarely,Research & Development,21,Below College,Life Sciences,942,Very High,Female,High,Junior,Healthcare Representative,Very High,4014,19170,25,Excellent,Bad,10
49,No,Travel_Rarely,Research & Development,8,College,Other,944,Low,Female,High,Mid,Laboratory Technician,Medium,7403,22477,11,Normal,Good,26
48,No,Travel_Rarely,Research & Development,20,Master,Medical,945,Very High,Male,High,Entry,Research Scientist,High,2259,5543,17,Normal,Good,0
31,No,Non-Travel,Sales,20,College,Marketing,947,Very High,Female,High,Junior,Sales Executive,High,6932,24406,13,Normal,Good,9
36,No,Travel_Rarely,Research & Development,7,Master,Other,949,Medium,Male,High,Entry,Research Scientist,Very High,4678,23293,18,Normal,Better,6
38,No,Travel_Rarely,Research & Development,1,Bachelor,Technical Degree,950,Very High,Female,High,Mid,Research Director,Low,13582,16292,13,Normal,Better,15
32,No,Non-Travel,Research & Development,1,Bachelor,Life Sciences,951,High,Female,Medium,Entry,Laboratory Technician,Medium,2332,3974,20,Excellent,Better,3
25,Yes,Travel_Rarely,Sales,19,College,Marketing,952,High,Male,Medium,Entry,Sales Representative,Medium,2413,18798,18,Normal,Better,1
40,No,Travel_Rarely,Sales,10,Master,Marketing,954,Low,Male,Medium,Mid,Sales Executive,Medium,9705,20652,12,Normal,Good,1
26,No,Travel_Frequently,Sales,1,Bachelor,Medical,956,High,Male,Medium,Junior,Sales Executive,Low,4294,11148,12,Normal,Better,7
41,No,Travel_Rarely,Research & Development,6,Bachelor,Medical,957,Very High,Male,High,Entry,Laboratory Technician,Low,4721,3119,13,Normal,Better,18
36,No,Travel_Rarely,Research & Development,2,Master,Medical,958,High,Male,High,Entry,Laboratory Technician,High,2519,12287,21,Excellent,Better,11
19,Yes,Travel_Rarely,Sales,21,Bachelor,Other,959,Very High,Male,Medium,Entry,Sales Representative,Medium,2121,9947,13,Normal,Best,1
20,Yes,Travel_Rarely,Research & Development,4,Bachelor,Technical Degree,960,Low,Male,High,Entry,Laboratory Technician,Low,2973,13008,19,Normal,Better,1
31,No,Travel_Rarely,Research & Development,12,Bachelor,Medical,961,Very High,Female,High,Junior,Healthcare Representative,Very High,5855,17369,11,Normal,Bad,9
40,No,Travel_Frequently,Research & Development,9,Master,Medical,964,Very High,Male,High,Entry,Research Scientist,Medium,3617,25063,14,Normal,Better,1
32,No,Travel_Rarely,Research & Development,3,Master,Medical,966,High,Female,High,Junior,Manufacturing Director,Low,6725,13554,12,Normal,Best,8
36,Yes,Travel_Rarely,Sales,3,Below College,Life Sciences,967,High,Male,Medium,Mid,Sales Executive,Very High,10325,5518,11,Normal,Better,16
33,No,Travel_Rarely,Research & Development,1,Bachelor,Life Sciences,969,Medium,Female,Medium,Junior,Healthcare Representative,Very High,6949,12291,14,Normal,Better,5
37,Yes,Travel_Rarely,Sales,1,Master,Life Sciences,970,Low,Male,Medium,Mid,Sales Executive,High,10609,14922,11,Normal,Bad,14
45,No,Non-Travel,Research & Development,4,College,Life Sciences,972,High,Male,High,Junior,Laboratory Technician,Medium,4447,23163,12,Normal,Good,9
29,No,Travel_Frequently,Sales,20,Bachelor,Technical Degree,974,High,Female,High,Entry,Sales Representative,Very High,2157,18203,15,Normal,Better,3
35,No,Travel_Rarely,Sales,18,Bachelor,Medical,975,High,Female,High,Junior,Sales Executive,High,4601,6179,16,Normal,Better,5
52,No,Travel_Rarely,Research & Development,1,College,Life Sciences,976,Very High,Male,High,Senior,Manager,Very High,17099,13829,15,Normal,Good,9
58,Yes,Travel_Rarely,Research & Development,2,Bachelor,Technical Degree,977,Very High,Male,High,Entry,Research Scientist,High,2479,26227,24,Excellent,Better,1
53,No,Travel_Rarely,Sales,2,College,Medical,981,High,Male,High,Senior,Manager,High,14852,13938,13,Normal,Best,17
30,No,Travel_Rarely,Sales,8,College,Other,982,High,Male,High,Mid,Sales Executive,High,7264,9977,11,Normal,Best,8
38,No,Non-Travel,Sales,10,Bachelor,Technical Degree,983,High,Female,High,Junior,Sales Executive,Very High,5666,19899,13,Normal,Better,5
35,No,Travel_Rarely,Sales,3,Master,Life Sciences,984,Very High,Male,High,Mid,Sales Executive,Very High,7823,6812,13,Normal,Better,10
39,No,Travel_Rarely,Sales,2,Doctor,Life Sciences,985,Low,Male,Very High,Mid,Sales Executive,High,7880,2560,18,Normal,Better,8
40,Yes,Non-Travel,Sales,24,Bachelor,Life Sciences,986,Medium,Female,Very High,Senior,Sales Executive,Medium,13194,17071,16,Normal,Good,1
47,No,Travel_Frequently,Research & Development,16,Master,Medical,987,High,Male,Very High,Junior,Manufacturing Director,High,5067,6759,19,Normal,Best,19
36,No,Non-Travel,Sales,8,Master,Technical Degree,990,Low,Male,High,Junior,Sales Executive,Very High,5079,25952,13,Normal,Better,7
31,Yes,Non-Travel,Research & Development,9,College,Medical,991,High,Male,Medium,Entry,Research Scientist,Low,2321,10322,22,Excellent,Better,3
33,No,Non-Travel,Sales,17,Bachelor,Life Sciences,992,Very High,Male,High,Senior,Manager,High,17444,20489,11,Normal,Better,10
29,Yes,Travel_Rarely,Research & Development,10,Bachelor,Life Sciences,994,Very High,Female,Medium,Entry,Research Scientist,Low,2404,11479,20,Excellent,Better,0
33,No,Travel_Rarely,Research & Development,13,Below College,Life Sciences,995,Medium,Female,High,Entry,Research Scientist,Very High,3452,17241,18,Normal,Better,3
45,No,Travel_Rarely,Research & Development,1,Master,Medical,996,Very High,Female,High,Entry,Laboratory Technician,Very High,2270,11005,14,Normal,Better,5
50,No,Travel_Rarely,Research & Development,1,College,Medical,997,Very High,Male,High,Senior,Research Director,Very High,17399,6615,22,Excellent,Good,5
33,No,Travel_Frequently,Research & Development,1,Master,Other,998,High,Female,Very High,Junior,Healthcare Representative,Medium,5488,20161,13,Normal,Better,6
41,No,Travel_Frequently,Research & Development,9,Bachelor,Medical,999,Low,Male,High,Executive,Research Director,High,19419,3735,17,Normal,Best,18
27,No,Travel_Rarely,Research & Development,16,Master,Technical Degree,1001,High,Female,High,Entry,Laboratory Technician,Medium,2811,12086,14,Normal,Better,2
45,No,Non-Travel,Research & Development,23,College,Life Sciences,1002,Very High,Male,High,Junior,Laboratory Technician,Low,3633,14039,15,Normal,Better,9
47,No,Travel_Rarely,Sales,4,College,Life Sciences,1003,Very High,Female,High,Junior,Sales Executive,Very High,4163,8571,17,Normal,Better,9
30,Yes,Travel_Rarely,Research & Development,22,Bachelor,Life Sciences,1004,Low,Female,High,Entry,Research Scientist,High,2132,11539,11,Normal,Better,5
50,No,Travel_Rarely,Research & Development,24,Bachelor,Life Sciences,1005,Very High,Male,High,Senior,Manufacturing Director,High,13973,4161,18,Normal,Better,12
38,No,Travel_Frequently,Research & Development,10,Below College,Medical,1006,High,Male,High,Entry,Research Scientist,High,2684,12127,17,Normal,Good,2
46,No,Travel_Rarely,Research & Development,7,College,Medical,1007,Very High,Male,High,Mid,Manufacturing Director,High,10845,24208,13,Normal,Better,8
24,No,Travel_Rarely,Research & Development,17,Below College,Medical,1009,Very High,Female,Medium,Junior,Manufacturing Director,High,4377,24117,15,Normal,Better,4
35,Yes,Travel_Rarely,Research & Development,14,Master,Other,1010,High,Male,Medium,Entry,Laboratory Technician,Medium,3743,10074,24,Excellent,Bad,4
31,No,Travel_Frequently,Research & Development,1,Below College,Life Sciences,1011,High,Female,High,Junior,Manufacturing Director,Low,4148,11275,12,Normal,Better,4
18,No,Non-Travel,Research & Development,5,College,Life Sciences,1012,Medium,Male,High,Entry,Research Scientist,Very High,1051,13493,15,Normal,Better,0
54,No,Travel_Rarely,Research & Development,17,Bachelor,Technical Degree,1013,High,Female,High,Mid,Manufacturing Director,High,10739,13943,11,Normal,Better,10
35,No,Travel_Rarely,Research & Development,25,Master,Medical,1014,High,Female,High,Mid,Healthcare Representative,High,10388,6975,11,Normal,Good,16
30,No,Travel_Rarely,Research & Development,8,College,Life Sciences,1015,Medium,Female,Very High,Mid,Research Director,Low,11416,17802,12,Normal,Good,8
20,Yes,Travel_Rarely,Research & Development,11,Bachelor,Medical,1016,Very High,Female,Medium,Entry,Research Scientist,Low,2600,18275,15,Normal,Better,1
30,Yes,Travel_Frequently,Research & Development,5,Bachelor,Medical,1017,Medium,Female,High,Entry,Laboratory Technician,Medium,2422,25725,17,Normal,Better,3
26,No,Travel_Rarely,Research & Development,2,College,Medical,1018,Very High,Male,Very High,Junior,Manufacturing Director,Very High,5472,3334,12,Normal,Better,8
22,No,Travel_Rarely,Research & Development,8,Below College,Life Sciences,1019,Medium,Male,Low,Entry,Laboratory Technician,Low,2451,6881,15,Normal,Good,4
48,No,Travel_Rarely,Research & Development,6,Bachelor,Life Sciences,1022,Low,Male,Medium,Junior,Healthcare Representative,High,4240,13119,13,Normal,Better,2
48,No,Travel_Rarely,Research & Development,4,Master,Life Sciences,1024,High,Male,Medium,Mid,Healthcare Representative,High,10999,22245,14,Normal,Better,15
41,No,Travel_Rarely,Research & Development,7,College,Medical,1025,Very High,Female,High,Junior,Manufacturing Director,High,5003,23371,14,Normal,Better,2
39,No,Travel_Rarely,Research & Development,1,Below College,Life Sciences,1026,Very High,Female,Medium,Senior,Manufacturing Director,Very High,12742,7060,16,Normal,Better,21
27,No,Travel_Rarely,Research & Development,2,Master,Life Sciences,1027,Low,Female,High,Junior,Manufacturing Director,Very High,4227,4658,18,Normal,Better,3
35,No,Travel_Rarely,Research & Development,10,Bachelor,Other,1028,Medium,Male,High,Entry,Laboratory Technician,Very High,3917,9541,20,Excellent,Good,3
42,No,Travel_Rarely,Sales,5,College,Marketing,1029,Very High,Male,High,Executive,Manager,High,18303,7770,13,Normal,Best,1
50,No,Travel_Rarely,Research & Development,9,Bachelor,Life Sciences,1030,Low,Male,High,Entry,Laboratory Technician,Very High,2380,20165,18,Normal,Better,1
59,No,Travel_Rarely,Research & Development,2,Bachelor,Life Sciences,1032,High,Female,Medium,Senior,Manufacturing Director,Very High,13726,21829,13,Normal,Better,5
37,Yes,Travel_Rarely,Research & Development,11,College,Medical,1033,Low,Female,Low,Junior,Healthcare Representative,Medium,4777,14382,15,Normal,Bad,1
55,No,Travel_Frequently,Research & Development,18,Master,Medical,1034,High,Male,High,Junior,Healthcare Representative,Medium,6385,12992,14,Normal,Better,8
41,No,Non-Travel,Research & Development,7,Below College,Life Sciences,1035,Medium,Female,Low,Executive,Research Director,High,19973,20284,22,Excellent,Better,21
38,No,Travel_Rarely,Sales,3,Master,Life Sciences,1036,Medium,Male,High,Junior,Sales Executive,Very High,6861,4981,12,Normal,Better,1
26,Yes,Non-Travel,Sales,29,College,Medical,1037,Medium,Male,Low,Junior,Sales Executive,Low,4969,21813,18,Normal,Better,2
52,Yes,Travel_Rarely,Sales,2,Below College,Marketing,1038,Low,Female,Low,Executive,Manager,Very High,19845,25846,15,Normal,Better,32
44,No,Travel_Rarely,Sales,28,Bachelor,Medical,1039,Very High,Female,Very High,Senior,Sales Executive,Very High,13320,11737,18,Normal,Better,12
50,No,Non-Travel,Sales,1,Bachelor,Life Sciences,1040,Very High,Female,High,Junior,Sales Executive,High,6347,24920,12,Normal,Better,18
36,Yes,Travel_Rarely,Research & Development,16,Master,Life Sciences,1042,High,Female,Very High,Entry,Laboratory Technician,Low,2743,8269,16,Normal,Better,17
39,No,Travel_Frequently,Research & Development,22,Bachelor,Medical,1043,Very High,Female,High,Mid,Manufacturing Director,Low,10880,5083,13,Normal,Better,21
33,No,Non-Travel,Sales,8,Below College,Life Sciences,1044,Medium,Female,Medium,Entry,Sales Representative,Very High,2342,21437,19,Normal,Good,2
45,No,Travel_Rarely,Sales,11,College,Life Sciences,1045,Very High,Female,High,Senior,Manager,Very High,17650,5404,13,Normal,Best,9
32,No,Non-Travel,Research & Development,29,Master,Medical,1046,Very High,Female,High,Entry,Laboratory Technician,High,4025,11135,12,Normal,Better,8
34,No,Travel_Rarely,Sales,1,Master,Marketing,1047,Medium,Male,Very High,Junior,Sales Executive,Very High,9725,12278,11,Normal,Good,15
59,No,Travel_Rarely,Sales,1,College,Technical Degree,1048,Medium,Male,High,Mid,Manager,Very High,11904,11038,14,Normal,Bad,6
45,No,Travel_Rarely,Human Resources,24,Master,Medical,1049,Medium,Male,High,Entry,Human Resources,Medium,2177,8318,16,Normal,Better,6
53,No,Travel_Frequently,Sales,2,Bachelor,Marketing,1050,High,Female,Medium,Mid,Sales Executive,Medium,7525,23537,12,Normal,Better,15
36,Yes,Travel_Rarely,Research & Development,15,Bachelor,Other,1052,Low,Male,High,Junior,Laboratory Technician,High,4834,7858,14,Normal,Good,1
26,Yes,Travel_Frequently,Research & Development,2,Bachelor,Life Sciences,1053,Low,Male,High,Entry,Research Scientist,Low,2042,15346,14,Normal,Better,3
34,No,Travel_Rarely,Sales,10,Master,Life Sciences,1055,High,Female,High,Entry,Sales Representative,High,2220,18410,19,Normal,Better,1
28,No,Travel_Rarely,Sales,10,Below College,Medical,1056,Very High,Male,High,Entry,Sales Representative,Medium,1052,23384,22,Excellent,Better,1
38,No,Travel_Frequently,Research & Development,3,Master,Other,1060,High,Male,High,Entry,Research Scientist,High,2821,2997,16,Normal,Better,2
50,No,Travel_Rarely,Research & Development,2,Master,Medical,1061,Medium,Male,High,Executive,Research Director,High,19237,12853,11,Normal,Good,8
37,No,Travel_Rarely,Research & Development,3,Bachelor,Other,1062,Very High,Female,High,Junior,Healthcare Representative,Medium,4107,13848,15,Normal,Good,4
40,No,Travel_Rarely,Sales,26,Bachelor,Marketing,1066,High,Male,High,Junior,Sales Executive,Low,8396,22217,14,Normal,Good,7
26,No,Travel_Frequently,Research & Development,1,Below College,Medical,1068,Low,Female,Medium,Entry,Research Scientist,High,2007,25265,13,Normal,Better,5
46,No,Travel_Rarely,Research & Development,1,Master,Medical,1069,Very High,Male,High,Executive,Research Director,Very High,19627,21445,17,Normal,Better,2
54,No,Travel_Rarely,Sales,2,Master,Life Sciences,1070,High,Female,Medium,Mid,Sales Executive,High,10686,8392,11,Normal,Better,9
56,No,Travel_Frequently,Research & Development,9,Bachelor,Medical,1071,Low,Female,High,Entry,Research Scientist,High,2942,12154,19,Normal,Better,5
36,No,Travel_Rarely,Research & Development,12,Doctor,Medical,1073,Very High,Female,Medium,Mid,Manufacturing Director,Very High,8858,15669,11,Normal,Good,14
55,No,Non-Travel,Research & Development,2,Below College,Medical,1074,High,Male,Medium,Senior,Manager,Low,16756,17323,15,Normal,Best,9
43,No,Travel_Rarely,Sales,25,Bachelor,Medical,1076,High,Male,Medium,Mid,Sales Executive,Very High,10798,5268,13,Normal,Better,1
20,Yes,Travel_Frequently,Sales,9,Bachelor,Marketing,1077,Very High,Female,High,Entry,Sales Representative,Very High,2323,17205,14,Normal,Better,2
21,Yes,Travel_Rarely,Research & Development,10,Bachelor,Life Sciences,1079,High,Female,Medium,Entry,Laboratory Technician,Low,1416,17258,13,Normal,Good,1
46,No,Travel_Rarely,Research & Development,8,Master,Life Sciences,1080,Very High,Female,Medium,Junior,Research Scientist,Low,4615,21029,23,Excellent,Better,16
51,Yes,Travel_Rarely,Research & Development,4,Master,Life Sciences,1081,Low,Male,High,Entry,Research Scientist,High,2461,10332,12,Normal,Best,10
28,Yes,Non-Travel,Research & Development,24,College,Technical Degree,1082,Medium,Male,Medium,Mid,Healthcare Representative,Low,8722,12355,12,Normal,Good,10
26,No,Travel_Rarely,Research & Development,1,College,Medical,1083,Low,Male,Medium,Entry,Laboratory Technician,Low,3955,11141,16,Normal,Better,5
30,No,Travel_Rarely,Research & Development,20,Bachelor,Other,1084,High,Male,High,Junior,Manufacturing Director,Low,9957,9096,15,Normal,Good,6
41,No,Travel_Rarely,Research & Development,7,College,Technical Degree,1085,Medium,Female,Very High,Entry,Research Scientist,High,3376,18863,13,Normal,Better,10
38,No,Travel_Rarely,Research & Development,17,Below College,Life Sciences,1088,High,Female,Medium,Mid,Healthcare Representative,High,8823,24608,18,Normal,Good,19
40,No,Travel_Rarely,Research & Development,20,Master,Technical Degree,1092,Low,Male,High,Mid,Healthcare Representative,Very High,10322,26542,20,Excellent,Better,11
27,No,Non-Travel,Research & Development,8,Doctor,Life Sciences,1094,Low,Male,Low,Entry,Laboratory Technician,High,4621,5869,19,Normal,Better,3
55,No,Travel_Frequently,Research & Development,2,Below College,Life Sciences,1096,Very High,Male,High,Mid,Manufacturing Director,Medium,10976,15813,18,Normal,Better,3
28,No,Travel_Rarely,Research & Development,10,Bachelor,Other,1097,High,Female,High,Junior,Research Scientist,High,3660,7909,13,Normal,Best,8
44,Yes,Travel_Rarely,Human Resources,1,College,Medical,1098,Medium,Male,Medium,Mid,Human Resources,Low,10482,2326,14,Normal,Better,20
33,No,Travel_Rarely,Research & Development,5,Bachelor,Life Sciences,1099,Very High,Male,Medium,Mid,Healthcare Representative,Very High,7119,21214,15,Normal,Better,3
35,Yes,Travel_Rarely,Sales,4,Bachelor,Technical Degree,1100,Very High,Male,High,Mid,Sales Executive,Low,9582,10333,22,Excellent,Better,8
33,Yes,Travel_Frequently,Research & Development,29,Master,Medical,1101,Low,Female,Medium,Junior,Research Scientist,High,4508,3129,22,Excellent,Better,13
28,No,Travel_Rarely,Research & Development,15,College,Life Sciences,1102,Low,Male,High,Entry,Laboratory Technician,High,2207,22482,16,Normal,Good,4
34,No,Travel_Frequently,Research & Development,3,Below College,Life Sciences,1103,Low,Male,High,Junior,Healthcare Representative,Very High,7756,22266,17,Normal,Good,6
37,No,Travel_Rarely,Sales,10,Master,Life Sciences,1105,Very High,Female,Medium,Junior,Sales Executive,Very High,6694,24223,14,Normal,Better,1
25,Yes,Travel_Rarely,Research & Development,4,Below College,Technical Degree,1106,Very High,Male,High,Entry,Laboratory Technician,Very High,3691,4605,15,Normal,Best,7
26,Yes,Travel_Rarely,Research & Development,21,Bachelor,Medical,1107,Low,Male,High,Entry,Laboratory Technician,High,2377,19373,20,Excellent,Good,1
33,Yes,Travel_Rarely,Research & Development,25,Bachelor,Medical,1108,Low,Male,Medium,Entry,Research Scientist,Medium,2313,2993,20,Excellent,Better,2
42,No,Travel_Rarely,Research & Development,2,College,Medical,1109,Very High,Male,High,Senior,Manager,Low,17665,14399,17,Normal,Better,22
28,Yes,Travel_Frequently,Research & Development,1,Bachelor,Medical,1111,Low,Male,Medium,Entry,Laboratory Technician,Medium,2596,7160,15,Normal,Better,1
50,Yes,Travel_Frequently,Sales,1,Master,Other,1113,Very High,Male,High,Junior,Sales Executive,High,4728,17251,14,Normal,Better,0
33,No,Travel_Frequently,Sales,7,Bachelor,Life Sciences,1114,Very High,Female,High,Junior,Sales Executive,Medium,4302,13401,17,Normal,Better,3
34,No,Non-Travel,Research & Development,3,Master,Life Sciences,1115,High,Male,Medium,Entry,Research Scientist,Very High,2979,22478,17,Normal,Better,0
48,No,Non-Travel,Research & Development,1,Master,Medical,1116,Low,Male,Very High,Senior,Manager,Very High,16885,16154,22,Excellent,Good,5
45,No,Non-Travel,Sales,9,Master,Life Sciences,1117,Medium,Female,Medium,Junior,Sales Executive,High,5593,17970,13,Normal,Better,15
52,No,Travel_Rarely,Research & Development,7,Master,Life Sciences,1118,Medium,Male,High,Mid,Healthcare Representative,Medium,10445,15322,19,Normal,Better,8
38,No,Travel_Rarely,Sales,10,Master,Marketing,1119,High,Male,Medium,Mid,Sales Executive,High,8740,5569,14,Normal,Better,8
29,No,Travel_Rarely,Research & Development,28,Master,Life Sciences,1120,High,Female,High,Entry,Research Scientist,Very High,2514,26968,22,Excellent,Better,7
28,No,Travel_Rarely,Research & Development,3,Bachelor,Medical,1121,Very High,Female,High,Mid,Manufacturing Director,Medium,7655,8039,17,Normal,Good,9
46,No,Travel_Rarely,Sales,3,Below College,Marketing,1124,Low,Male,High,Senior,Manager,High,17465,15596,12,Normal,Better,12
38,No,Travel_Rarely,Sales,2,College,Marketing,1125,Very High,Male,High,Mid,Sales Executive,Medium,7351,20619,16,Normal,Better,1
43,No,Travel_Frequently,Research & Development,27,Bachelor,Life Sciences,1126,High,Female,High,Mid,Manufacturing Director,Low,10820,11535,11,Normal,Better,8
39,Yes,Travel_Frequently,Research & Development,2,Bachelor,Life Sciences,1127,Low,Male,High,Senior,Healthcare Representative,Very High,12169,13547,11,Normal,Better,18
40,No,Travel_Rarely,Research & Development,14,Bachelor,Medical,1128,High,Male,Medium,Executive,Research Director,High,19626,17544,14,Normal,Best,20
21,No,Travel_Rarely,Research & Development,1,Below College,Technical Degree,1131,Very High,Female,Medium,Entry,Research Scientist,Medium,2070,25326,11,Normal,Best,2
39,No,Non-Travel,Research & Development,9,Bachelor,Life Sciences,1132,High,Male,High,Junior,Laboratory Technician,Medium,6782,8770,15,Normal,Good,5
36,No,Non-Travel,Research & Development,18,Master,Life Sciences,1133,Low,Male,High,Junior,Manufacturing Director,Very High,7779,23238,20,Excellent,Better,11
31,No,Travel_Frequently,Sales,20,Bachelor,Life Sciences,1135,High,Male,Very High,Entry,Sales Representative,Very High,2791,21981,12,Normal,Better,2
28,No,Travel_Rarely,Research & Development,2,Below College,Life Sciences,1136,Low,Male,Medium,Entry,Research Scientist,Medium,3201,19911,17,Normal,Bad,5
35,No,Travel_Frequently,Sales,11,College,Marketing,1137,Very High,Male,High,Junior,Sales Executive,Very High,4968,18500,11,Normal,Better,5
49,No,Travel_Rarely,Sales,8,Master,Technical Degree,1138,Very High,Male,Medium,Senior,Sales Executive,Medium,13120,11879,17,Normal,Better,9
34,No,Travel_Frequently,Research & Development,2,College,Life Sciences,1140,Very High,Male,High,Junior,Manufacturing Director,High,4033,15834,11,Normal,Good,3
29,No,Travel_Frequently,Research & Development,10,Bachelor,Life Sciences,1143,Very High,Female,High,Entry,Research Scientist,Medium,3291,17940,14,Normal,Good,7
42,No,Travel_Rarely,Research & Development,29,Bachelor,Medical,1148,Medium,Male,Low,Junior,Laboratory Technician,Very High,4272,9558,19,Normal,Better,1
29,No,Travel_Rarely,Research & Development,8,Below College,Medical,1150,Medium,Male,Medium,Junior,Manufacturing Director,Very High,5056,17689,15,Normal,Good,10
38,No,Travel_Rarely,Human Resources,1,Bachelor,Human Resources,1152,High,Male,Very High,Entry,Human Resources,High,2844,6004,13,Normal,Best,7
28,No,Travel_Frequently,Research & Development,6,Bachelor,Life Sciences,1154,High,Male,Medium,Entry,Research Scientist,High,2703,22088,14,Normal,Better,3
18,Yes,Non-Travel,Research & Development,8,Below College,Medical,1156,High,Male,High,Entry,Laboratory Technician,High,1904,13556,12,Normal,Better,0
33,Yes,Travel_Rarely,Sales,9,Master,Marketing,1157,Low,Female,High,Junior,Sales Executive,Low,8224,18385,17,Normal,Better,5
41,No,Travel_Rarely,Research & Development,12,Master,Life Sciences,1158,Medium,Male,High,Entry,Laboratory Technician,Very High,4766,9051,11,Normal,Better,1
31,Yes,Travel_Frequently,Research & Development,15,Bachelor,Medical,1160,High,Male,High,Entry,Laboratory Technician,High,2610,6233,12,Normal,Good,2
37,No,Travel_Rarely,Research & Development,25,College,Medical,1161,High,Female,Medium,Junior,Healthcare Representative,Very High,5731,17171,13,Normal,Better,6
27,No,Travel_Rarely,Research & Development,6,Bachelor,Life Sciences,1162,Very High,Male,Medium,Entry,Research Scientist,High,2539,7950,13,Normal,Better,4
34,No,Travel_Rarely,Sales,9,Below College,Life Sciences,1163,Medium,Female,High,Junior,Sales Executive,High,5714,5829,20,Excellent,Good,6
35,No,Travel_Rarely,Human Resources,8,Master,Technical Degree,1164,High,Male,High,Entry,Human Resources,High,4323,7108,17,Normal,Bad,5
29,Yes,Travel_Rarely,Sales,23,Below College,Life Sciences,1165,Very High,Female,Medium,Mid,Sales Executive,Low,7336,11162,13,Normal,Bad,11
40,No,Travel_Frequently,Research & Development,9,Master,Medical,1166,Medium,Female,High,Mid,Research Director,High,13499,13782,17,Normal,Good,18
42,Yes,Travel_Frequently,Sales,12,Bachelor,Life Sciences,1167,High,Male,High,Senior,Sales Executive,Low,13758,2447,12,Normal,Good,21
42,No,Travel_Rarely,Sales,4,Master,Marketing,1171,Medium,Male,High,Junior,Sales Executive,Low,5155,2253,13,Normal,Best,6
35,No,Travel_Rarely,Research & Development,1,Master,Medical,1172,Very High,Male,Medium,Entry,Laboratory Technician,High,2258,16340,12,Normal,Better,8
24,No,Travel_Rarely,Research & Development,24,Bachelor,Medical,1173,Very High,Male,High,Entry,Laboratory Technician,Medium,3597,6409,22,Excellent,Better,4
28,Yes,Travel_Rarely,Research & Development,12,Below College,Life Sciences,1175,High,Female,High,Entry,Laboratory Technician,Very High,2515,22955,11,Normal,Good,1
26,No,Travel_Rarely,Research & Development,3,Master,Medical,1177,Low,Male,Very High,Entry,Laboratory Technician,Very High,4420,13421,22,Excellent,Better,8
30,No,Travel_Rarely,Sales,10,Bachelor,Marketing,1179,High,Male,Medium,Junior,Sales Executive,High,6578,2706,18,Normal,Better,10
40,No,Travel_Frequently,Research & Development,26,College,Medical,1180,High,Female,Medium,Junior,Research Scientist,Very High,4422,21203,13,Normal,Bad,1
35,No,Travel_Rarely,Research & Development,2,Bachelor,Life Sciences,1182,High,Male,Medium,Mid,Manufacturing Director,Medium,10274,19588,18,Normal,Best,7
34,No,Travel_Frequently,Research & Development,1,Bachelor,Medical,1184,Very High,Male,Medium,Junior,Healthcare Representative,Low,5343,25755,20,Excellent,Better,13
35,No,Travel_Frequently,Research & Development,4,Master,Other,1185,Very High,Male,Medium,Entry,Laboratory Technician,Very High,2376,26537,13,Normal,Best,2
43,Yes,Travel_Rarely,Sales,9,Bachelor,Marketing,1188,Low,Female,Low,Junior,Sales Executive,High,5346,9489,13,Normal,Good,4
32,No,Non-Travel,Sales,2,Below College,Life Sciences,1190,High,Female,High,Entry,Sales Representative,Low,2827,14947,12,Normal,Better,1
56,No,Travel_Rarely,Research & Development,4,Master,Technical Degree,1191,Very High,Female,High,Executive,Manager,Low,19943,18575,13,Normal,Better,5
29,No,Travel_Rarely,Research & Development,6,Below College,Medical,1192,Medium,Female,High,Entry,Laboratory Technician,Very High,3131,26342,13,Normal,Better,10
19,No,Travel_Rarely,Research & Development,9,College,Life Sciences,1193,High,Male,High,Entry,Research Scientist,Low,2552,7172,25,Excellent,Better,1
45,No,Travel_Rarely,Research & Development,7,Bachelor,Medical,1195,Low,Female,High,Entry,Research Scientist,High,4477,20100,19,Normal,Good,3
37,No,Travel_Rarely,Research & Development,1,Bachelor,Life Sciences,1196,Very High,Female,Medium,Junior,Manufacturing Director,Very High,6474,9961,13,Normal,Good,14
20,No,Travel_Rarely,Research & Development,3,Bachelor,Life Sciences,1198,Low,Male,Medium,Entry,Laboratory Technician,High,3033,12828,12,Normal,Good,2
44,Yes,Travel_Rarely,Research & Development,10,Master,Life Sciences,1200,High,Male,High,Entry,Research Scientist,High,2936,10826,11,Normal,Better,6
53,No,Travel_Rarely,Research & Development,7,College,Medical,1201,Very High,Female,High,Executive,Manager,High,18606,18640,18,Normal,Better,7
29,No,Travel_Rarely,Research & Development,15,Below College,Life Sciences,1202,Medium,Female,Low,Entry,Research Scientist,Very High,2168,26933,18,Normal,Good,5
22,Yes,Travel_Frequently,Research & Development,3,Master,Life Sciences,1203,High,Male,Medium,Entry,Research Scientist,Very High,2853,4223,11,Normal,Better,0
46,No,Travel_Rarely,Sales,2,Bachelor,Marketing,1204,High,Female,High,Senior,Manager,Low,17048,24097,23,Excellent,Better,26
44,No,Non-Travel,Research & Development,17,Bachelor,Life Sciences,1206,Very High,Male,Low,Entry,Research Scientist,High,2290,4279,13,Normal,Better,0
33,No,Travel_Rarely,Human Resources,2,Bachelor,Human Resources,1207,Medium,Male,High,Entry,Human Resources,High,3600,8429,13,Normal,Better,5
41,Yes,Non-Travel,Research & Development,5,College,Life Sciences,1210,Low,Male,Medium,Entry,Research Scientist,Low,2107,20293,17,Normal,Bad,1
30,No,Travel_Rarely,Sales,29,Master,Life Sciences,1211,High,Male,High,Junior,Sales Executive,Low,4115,13192,19,Normal,Better,4
40,No,Travel_Frequently,Sales,2,Master,Medical,1212,Medium,Male,High,Junior,Sales Executive,Medium,4327,25440,12,Normal,Better,0
50,No,Travel_Frequently,Research & Development,2,Bachelor,Medical,1215,Very High,Female,High,Senior,Manager,Low,17856,9490,22,Excellent,Better,2
28,No,Travel_Rarely,Research & Development,19,Master,Medical,1216,Very High,Male,Medium,Entry,Laboratory Technician,Low,3196,12449,12,Normal,Better,6
46,No,Travel_Rarely,Research & Development,15,College,Life Sciences,1217,Very High,Male,High,Executive,Research Director,Medium,19081,10849,11,Normal,Better,4
35,No,Travel_Rarely,Sales,17,Master,Life Sciences,1218,High,Male,High,Junior,Sales Executive,Low,8966,21026,15,Normal,Better,7
24,Yes,Travel_Rarely,Research & Development,17,College,Life Sciences,1219,Very High,Female,High,Entry,Laboratory Technician,Medium,2210,3372,13,Normal,Bad,1
33,No,Travel_Frequently,Sales,25,Bachelor,Medical,1220,Medium,Female,High,Junior,Sales Executive,High,4539,4905,12,Normal,Good,10
36,No,Travel_Rarely,Research & Development,6,Master,Life Sciences,1221,High,Male,Low,Entry,Laboratory Technician,High,2741,6865,14,Normal,Better,7
30,No,Travel_Rarely,Research & Development,7,Master,Life Sciences,1224,High,Male,High,Junior,Laboratory Technician,High,3491,11309,13,Normal,Good,10
44,No,Travel_Rarely,Research & Development,29,Master,Other,1225,Very High,Male,High,Junior,Research Scientist,Very High,4541,7744,25,Excellent,Better,20
20,No,Travel_Rarely,Sales,21,Bachelor,Marketing,1226,High,Male,Very High,Entry,Sales Representative,Very High,2678,5050,17,Normal,Better,2
46,No,Travel_Rarely,Research & Development,2,Master,Technical Degree,1228,Very High,Male,High,Junior,Manufacturing Director,Very High,7379,17433,11,Normal,Good,6
42,No,Non-Travel,Human Resources,2,Doctor,Medical,1231,Very High,Male,Very High,Junior,Human Resources,Low,6272,12858,16,Normal,Best,4
60,No,Travel_Rarely,Sales,7,Master,Marketing,1233,Medium,Male,Very High,Junior,Sales Executive,Very High,5220,10893,18,Normal,Better,11
32,No,Travel_Frequently,Research & Development,13,Bachelor,Other,1234,High,Female,Medium,Entry,Laboratory Technician,Medium,2743,7331,20,Excellent,Better,2
32,No,Travel_Frequently,Research & Development,2,College,Life Sciences,1235,Very High,Female,High,Junior,Research Scientist,High,4998,2338,14,Normal,Better,8
36,No,Travel_Rarely,Research & Development,1,Bachelor,Technical Degree,1237,High,Female,Low,Mid,Manufacturing Director,Low,10252,4235,21,Excellent,Better,7
33,No,Travel_Rarely,Research & Development,9,Bachelor,Medical,1238,Low,Male,High,Entry,Research Scientist,Very High,2781,6311,13,Normal,Better,14
40,No,Travel_Rarely,Sales,10,Bachelor,Technical Degree,1239,Medium,Female,Medium,Junior,Sales Executive,Medium,6852,11591,12,Normal,Best,5
25,No,Travel_Rarely,Sales,10,Master,Life Sciences,1240,High,Male,High,Junior,Sales Executive,Very High,4950,20623,14,Normal,Better,4
30,No,Travel_Rarely,Research & Development,1,Bachelor,Medical,1241,Very High,Male,High,Entry,Research Scientist,Medium,3579,9369,21,Excellent,Better,11
42,No,Travel_Frequently,Research & Development,26,Doctor,Medical,1242,Low,Female,High,Mid,Research Director,Low,13191,23281,17,Normal,Better,1
35,No,Non-Travel,Sales,8,College,Marketing,1243,High,Female,Medium,Mid,Sales Executive,Very High,10377,13755,11,Normal,Good,13
27,No,Travel_Rarely,Research & Development,14,Bachelor,Life Sciences,1244,Low,Male,High,Entry,Research Scientist,Low,2235,14377,14,Normal,Good,9
54,No,Travel_Frequently,Research & Development,1,Master,Life Sciences,1245,Very High,Female,High,Mid,Manufacturing Director,High,10502,9659,17,Normal,Bad,5
44,No,Travel_Rarely,Research & Development,2,Below College,Life Sciences,1246,Low,Female,Very High,Entry,Research Scientist,Very High,2011,19982,13,Normal,Better,10
19,Yes,Non-Travel,Research & Development,10,Bachelor,Medical,1248,Low,Female,Medium,Entry,Research Scientist,Medium,1859,6148,25,Excellent,Best,1
29,No,Travel_Rarely,Research & Development,1,Bachelor,Life Sciences,1249,Low,Female,High,Entry,Research Scientist,Very High,3760,5598,15,Normal,Better,3
54,No,Travel_Rarely,Research & Development,3,Bachelor,Life Sciences,1250,Very High,Male,High,Senior,Research Director,Very High,17779,23474,14,Normal,Better,10
31,No,Travel_Rarely,Research & Development,11,College,Medical,1251,High,Male,High,Junior,Healthcare Representative,Low,6833,17089,12,Normal,Good,6
31,No,Travel_Rarely,Research & Development,24,Bachelor,Medical,1252,High,Female,Medium,Junior,Healthcare Representative,Low,6812,17198,19,Normal,Better,10
59,No,Travel_Rarely,Sales,3,Bachelor,Life Sciences,1254,High,Female,Medium,Junior,Sales Executive,Very High,5171,16490,17,Normal,Better,6
43,No,Travel_Rarely,Research & Development,3,Bachelor,Life Sciences,1255,High,Male,Low,Executive,Research Director,Very High,19740,18625,14,Normal,Better,8
49,No,Travel_Rarely,Research & Development,4,College,Medical,1256,Low,Male,Medium,Executive,Manager,High,18711,12124,13,Normal,Best,1
36,No,Travel_Frequently,Research & Development,3,Bachelor,Technical Degree,1257,High,Male,High,Entry,Research Scientist,Medium,3692,9256,12,Normal,Good,11
48,No,Travel_Rarely,Research & Development,2,College,Technical Degree,1258,Very High,Male,Very High,Entry,Laboratory Technician,Medium,2559,16620,11,Normal,Good,1
27,No,Travel_Rarely,Research & Development,4,College,Life Sciences,1259,Low,Male,High,Entry,Research Scientist,High,2517,3208,11,Normal,Better,5
29,No,Travel_Rarely,Research & Development,7,Bachelor,Life Sciences,1260,High,Male,High,Junior,Healthcare Representative,Very High,6623,4204,11,Normal,Better,6
48,No,Travel_Rarely,Research & Development,1,Bachelor,Life Sciences,1263,Very High,Male,Medium,Executive,Research Director,Very High,18265,8733,12,Normal,Best,1
29,No,Travel_Rarely,Research & Development,1,Bachelor,Life Sciences,1264,Very High,Female,Medium,Senior,Research Director,Very High,16124,3423,14,Normal,Good,7
34,No,Travel_Rarely,Research & Development,20,Bachelor,Technical Degree,1265,High,Female,Very High,Entry,Research Scientist,High,2585,21643,17,Normal,Good,1
44,No,Travel_Rarely,Sales,5,Bachelor,Marketing,1267,Medium,Male,High,Executive,Manager,Medium,18213,8751,11,Normal,Better,22
33,No,Travel_Rarely,Sales,10,Doctor,Marketing,1268,Very High,Male,Very High,Mid,Sales Executive,High,8380,21708,14,Normal,Better,9
19,No,Travel_Rarely,Research & Development,25,Bachelor,Life Sciences,1269,Medium,Female,Very High,Entry,Research Scientist,Very High,2994,21221,12,Normal,Better,1
23,No,Travel_Rarely,Research & Development,1,College,Life Sciences,1270,Very High,Male,High,Entry,Research Scientist,High,1223,16901,22,Excellent,Better,1
25,Yes,Travel_Frequently,Sales,24,Below College,Life Sciences,1273,High,Male,Low,Entry,Sales Representative,Very High,1118,8040,14,Normal,Better,1
26,No,Travel_Rarely,Research & Development,4,College,Life Sciences,1275,High,Male,High,Entry,Research Scientist,Very High,2875,9973,20,Excellent,Good,8
45,Yes,Travel_Rarely,Sales,2,Bachelor,Marketing,1277,Low,Female,Low,Executive,Manager,Medium,18824,2493,16,Normal,Better,24
55,No,Non-Travel,Research & Development,8,Below College,Medical,1278,Very High,Male,Medium,Senior,Healthcare Representative,Medium,13577,25592,15,Normal,Better,33
21,Yes,Travel_Frequently,Research & Development,10,College,Life Sciences,1279,Low,Female,Medium,Entry,Laboratory Technician,High,2625,25308,20,Excellent,Bad,2
46,No,Travel_Rarely,Sales,4,College,Marketing,1280,Very High,Female,Medium,Executive,Manager,Medium,18789,9946,14,Normal,Better,11
34,No,Travel_Rarely,Sales,2,Bachelor,Marketing,1281,High,Female,High,Junior,Sales Executive,Low,4538,6039,12,Normal,Better,3
51,No,Travel_Frequently,Sales,9,Bachelor,Life Sciences,1282,Very High,Male,High,Executive,Manager,Medium,19847,19196,24,Excellent,Good,29
59,No,Travel_Rarely,Research & Development,18,Master,Medical,1283,Very High,Male,High,Mid,Manufacturing Director,Very High,10512,20002,12,Normal,Good,9
34,No,Travel_Frequently,Research & Development,19,Bachelor,Medical,1285,High,Female,High,Junior,Laboratory Technician,Medium,4444,22534,13,Normal,Best,11
28,No,Travel_Frequently,Research & Development,1,Master,Medical,1286,Very High,Male,High,Entry,Laboratory Technician,High,2154,6842,11,Normal,Good,4
44,No,Travel_Rarely,Research & Development,4,College,Life Sciences,1288,High,Male,Very High,Executive,Manager,Low,19190,17477,14,Normal,Good,25
34,No,Travel_Frequently,Human Resources,11,Bachelor,Life Sciences,1289,High,Male,Medium,Junior,Human Resources,Medium,4490,21833,11,Normal,Best,10
35,No,Travel_Rarely,Research & Development,6,Below College,Life Sciences,1291,High,Male,High,Entry,Research Scientist,High,3506,6020,14,Normal,Better,3
42,No,Travel_Rarely,Research & Development,7,Master,Medical,1292,Medium,Female,Very High,Junior,Research Scientist,Medium,2372,5628,16,Normal,Better,1
43,No,Travel_Rarely,Sales,4,Master,Marketing,1293,Very High,Female,Medium,Mid,Sales Executive,Very High,10231,20364,14,Normal,Best,21
36,No,Travel_Rarely,Research & Development,2,Master,Life Sciences,1294,High,Female,High,Junior,Manufacturing Director,Medium,5410,2323,11,Normal,Better,16
44,Yes,Travel_Rarely,Research & Development,15,Bachelor,Medical,1295,Low,Female,High,Mid,Healthcare Representative,Very High,7978,14075,11,Normal,Better,10
28,No,Travel_Frequently,Research & Development,2,Bachelor,Life Sciences,1296,Very High,Male,Medium,Entry,Laboratory Technician,Very High,3867,14222,12,Normal,Better,2
51,No,Travel_Frequently,Research & Development,6,College,Medical,1297,Medium,Female,Medium,Entry,Laboratory Technician,High,2838,4257,14,Normal,Good,7
30,No,Non-Travel,Research & Development,9,College,Medical,1298,High,Female,High,Junior,Manufacturing Director,High,4695,12858,18,Normal,Better,8
29,Yes,Travel_Rarely,Research & Development,7,Bachelor,Technical Degree,1299,Medium,Female,High,Entry,Laboratory Technician,High,3339,17285,13,Normal,Better,7
28,No,Travel_Rarely,Research & Development,1,Bachelor,Technical Degree,1301,Very High,Male,High,Entry,Research Scientist,Low,2080,4732,11,Normal,Good,3
25,No,Travel_Rarely,Research & Development,1,Bachelor,Medical,1303,Very High,Female,High,Entry,Research Scientist,Medium,2096,18830,18,Normal,Good,2
32,No,Travel_Rarely,Sales,8,Bachelor,Medical,1304,High,Male,Very High,Junior,Sales Executive,Very High,6209,11693,15,Normal,Best,10
45,No,Travel_Frequently,Research & Development,25,Bachelor,Medical,1306,Medium,Female,High,Executive,Manager,Medium,18061,13035,22,Excellent,Better,0
39,No,Travel_Rarely,Research & Development,13,Master,Medical,1307,High,Female,Medium,Senior,Manager,Medium,17123,17334,13,Normal,Better,19
58,No,Travel_Rarely,Research & Development,23,Master,Life Sciences,1308,Low,Male,High,Entry,Research Scientist,High,2372,26076,12,Normal,Better,2
32,Yes,Travel_Rarely,Research & Development,7,College,Life Sciences,1309,Very High,Male,High,Junior,Laboratory Technician,High,4883,22845,18,Normal,Better,10
39,Yes,Travel_Rarely,Research & Development,23,Bachelor,Medical,1310,High,Male,High,Entry,Research Scientist,Low,3904,22154,13,Normal,Better,5
30,No,Travel_Rarely,Research & Development,6,Bachelor,Technical Degree,1311,Low,Female,Medium,Junior,Laboratory Technician,Very High,4627,23631,12,Normal,Better,9
36,No,Travel_Rarely,Research & Development,10,Master,Technical Degree,1312,Very High,Female,High,Mid,Healthcare Representative,High,7094,5747,12,Normal,Better,7
46,No,Travel_Rarely,Human Resources,1,College,Life Sciences,1314,Very High,Female,High,Entry,Human Resources,Low,3423,22957,12,Normal,Best,7
28,No,Non-Travel,Research & Development,1,Bachelor,Life Sciences,1315,High,Female,Low,Junior,Laboratory Technician,Very High,6674,16392,11,Normal,Better,9
50,No,Travel_Rarely,Research & Development,28,Bachelor,Life Sciences,1317,Very High,Female,High,Senior,Research Director,Low,16880,22422,11,Normal,Better,3
40,Yes,Travel_Rarely,Sales,25,Master,Marketing,1318,Very High,Male,Medium,Mid,Sales Executive,Medium,9094,17235,12,Normal,Better,5
52,Yes,Travel_Rarely,Sales,5,Bachelor,Life Sciences,1319,Medium,Male,High,Mid,Sales Executive,Medium,8446,21534,19,Normal,Good,8
30,No,Travel_Rarely,Research & Development,17,Master,Medical,1321,Medium,Female,High,Mid,Manager,Low,11916,25927,23,Excellent,Better,9
39,No,Travel_Rarely,Research & Development,18,College,Life Sciences,1322,Low,Male,High,Junior,Manufacturing Director,High,4534,13352,11,Normal,Better,8
31,No,Non-Travel,Sales,2,Master,Life Sciences,1324,Very High,Female,High,Mid,Sales Executive,High,9852,8935,19,Normal,Good,10
41,No,Non-Travel,Sales,10,College,Medical,1329,High,Male,Low,Junior,Sales Executive,Medium,6151,22074,13,Normal,Better,19
31,Yes,Travel_Frequently,Sales,1,Bachelor,Life Sciences,1331,Very High,Female,High,Entry,Sales Representative,Medium,2302,8319,11,Normal,Best,3
44,Yes,Travel_Rarely,Research & Development,3,Bachelor,Life Sciences,1333,Low,Male,High,Entry,Laboratory Technician,Low,2362,14669,12,Normal,Best,3
42,No,Non-Travel,Research & Development,2,Below College,Life Sciences,1334,High,Male,High,Senior,Manager,High,17861,26582,13,Normal,Good,20
55,No,Travel_Rarely,Research & Development,2,College,Medical,1336,Very High,Female,Low,Executive,Manager,High,19187,6992,14,Normal,Better,19
56,No,Travel_Rarely,Human Resources,8,Master,Life Sciences,1338,Very High,Male,High,Executive,Manager,Medium,19717,4022,14,Normal,Better,7
40,No,Non-Travel,Research & Development,16,College,Life Sciences,1340,High,Male,High,Entry,Research Scientist,High,3544,8532,16,Normal,Better,4
34,No,Travel_Rarely,Research & Development,9,Bachelor,Life Sciences,1344,Very High,Male,High,Mid,Healthcare Representative,Very High,8500,5494,11,Normal,Good,9
40,No,Travel_Rarely,Research & Development,2,Bachelor,Life Sciences,1346,High,Male,High,Junior,Research Scientist,Very High,4661,22455,13,Normal,Better,9
41,No,Travel_Frequently,Sales,1,Bachelor,Marketing,1349,High,Female,High,Junior,Sales Executive,Low,4103,4297,17,Normal,Better,9
35,No,Travel_Frequently,Research & Development,4,Master,Life Sciences,1350,High,Male,High,Junior,Research Scientist,High,4249,2690,11,Normal,Better,9
51,No,Travel_Rarely,Human Resources,5,Bachelor,Life Sciences,1352,High,Male,High,Senior,Manager,Medium,14026,17588,11,Normal,Better,33
38,No,Travel_Rarely,Sales,2,College,Life Sciences,1355,Medium,Female,High,Junior,Sales Executive,Low,6893,19461,15,Normal,Better,7
34,No,Travel_Rarely,Sales,15,College,Medical,1356,High,Female,High,Junior,Sales Executive,Low,6125,23553,12,Normal,Best,10
25,No,Travel_Rarely,Research & Development,19,Below College,Medical,1358,Very High,Male,High,Entry,Laboratory Technician,Very High,3669,9075,11,Normal,Good,3
58,Yes,Travel_Rarely,Research & Development,7,Master,Medical,1360,High,Female,Medium,Mid,Manufacturing Director,Low,10008,12023,14,Normal,Good,10
40,No,Travel_Rarely,Research & Development,1,Master,Life Sciences,1361,Medium,Male,High,Entry,Laboratory Technician,Medium,2387,6762,22,Excellent,Better,4
36,No,Travel_Frequently,Sales,7,Bachelor,Marketing,1362,Low,Female,Very High,Junior,Sales Executive,Low,4639,2261,16,Normal,Good,15
48,No,Travel_Rarely,Research & Development,4,Bachelor,Life Sciences,1363,Very High,Male,High,Mid,Manufacturing Director,Very High,7898,18706,11,Normal,Better,10
27,No,Travel_Rarely,Sales,11,Bachelor,Medical,1364,High,Female,Very High,Entry,Sales Representative,Very High,2534,6527,14,Normal,Better,1
51,No,Travel_Rarely,Research & Development,11,College,Technical Degree,1367,Very High,Female,Medium,Senior,Manufacturing Director,Medium,13142,24439,16,Normal,Good,5
18,No,Non-Travel,Research & Development,1,Bachelor,Life Sciences,1368,Very High,Female,High,Entry,Laboratory Technician,Very High,1611,19305,15,Normal,Best,0
35,No,Travel_Rarely,Research & Development,1,Bachelor,Medical,1369,Very High,Female,Medium,Junior,Laboratory Technician,Very High,5363,10846,12,Normal,Better,9
27,No,Travel_Frequently,Sales,2,Below College,Life Sciences,1371,Very High,Male,Low,Junior,Sales Executive,Very High,5071,20392,20,Excellent,Better,6
55,Yes,Travel_Rarely,Sales,13,Master,Marketing,1372,Low,Male,Very High,Senior,Sales Executive,High,13695,9277,17,Normal,Good,19
56,No,Travel_Rarely,Research & Development,23,Bachelor,Life Sciences,1373,Very High,Male,High,Senior,Manufacturing Director,Medium,13402,18235,12,Normal,Better,19
34,No,Non-Travel,Research & Development,26,Below College,Technical Degree,1374,Low,Female,Medium,Entry,Research Scientist,High,2029,15891,20,Excellent,Better,5
40,No,Travel_Rarely,Research & Development,2,Below College,Medical,1375,Medium,Female,Very High,Junior,Healthcare Representative,High,6377,13888,20,Excellent,Better,12
34,No,Travel_Rarely,Research & Development,29,Bachelor,Medical,1377,Medium,Male,High,Junior,Laboratory Technician,High,5429,17491,13,Normal,Better,8
31,Yes,Travel_Frequently,Sales,2,Bachelor,Life Sciences,1379,High,Female,Medium,Entry,Sales Representative,Very High,2785,11882,14,Normal,Best,1
35,Yes,Travel_Frequently,Sales,18,Master,Marketing,1380,Very High,Female,High,Junior,Sales Executive,High,4614,23288,18,Normal,Good,4
38,No,Travel_Frequently,Research & Development,7,Bachelor,Life Sciences,1382,Very High,Male,Very High,Entry,Research Scientist,High,2610,15748,11,Normal,Better,4
34,No,Travel_Rarely,Research & Development,2,Master,Technical Degree,1383,High,Female,High,Junior,Healthcare Representative,Very High,6687,6163,11,Normal,Best,14
28,No,Travel_Rarely,Sales,26,Bachelor,Life Sciences,1387,High,Male,Medium,Junior,Sales Executive,Low,4724,24232,11,Normal,Better,5
31,Yes,Travel_Rarely,Research & Development,22,Master,Medical,1389,Very High,Male,High,Junior,Manufacturing Director,High,6179,21057,15,Normal,Good,10
39,No,Travel_Rarely,Sales,21,Master,Life Sciences,1390,Low,Male,Medium,Junior,Sales Executive,Very High,6120,3567,12,Normal,Best,5
51,No,Travel_Frequently,Sales,2,Bachelor,Marketing,1391,Medium,Male,High,Mid,Sales Executive,Medium,10596,15395,11,Normal,Better,4
41,No,Travel_Frequently,Research & Development,22,Bachelor,Life Sciences,1392,Very High,Female,High,Junior,Research Scientist,Very High,5467,13953,14,Normal,Good,6
37,No,Travel_Rarely,Research & Development,4,Below College,Life Sciences,1394,High,Male,High,Entry,Research Scientist,High,2996,5182,15,Normal,Better,6
33,No,Travel_Frequently,Sales,5,Below College,Life Sciences,1395,Medium,Male,High,Junior,Sales Executive,Very High,9998,19293,13,Normal,Best,5
32,No,Travel_Rarely,Sales,2,Below College,Marketing,1396,High,Male,High,Junior,Sales Executive,Medium,4078,20497,13,Normal,Good,3
39,No,Non-Travel,Research & Development,25,College,Life Sciences,1397,High,Male,High,Mid,Healthcare Representative,High,10920,3449,21,Excellent,Better,6
25,No,Travel_Rarely,Sales,18,Below College,Life Sciences,1399,Low,Male,Very High,Junior,Sales Executive,High,6232,12477,11,Normal,Good,3
52,No,Travel_Frequently,Research & Development,28,College,Medical,1401,Very High,Female,Very High,Senior,Manufacturing Director,High,13247,9731,11,Normal,Good,5
43,No,Travel_Rarely,Research & Development,6,Bachelor,Medical,1402,Low,Female,Medium,Junior,Research Scientist,High,4081,20003,14,Normal,Bad,20
27,No,Travel_Rarely,Sales,10,Bachelor,Marketing,1403,Very High,Female,Medium,Junior,Sales Executive,Very High,5769,7100,11,Normal,Better,6
27,Yes,Travel_Rarely,Research & Development,17,Master,Life Sciences,1405,Very High,Female,High,Entry,Research Scientist,High,2394,25681,13,Normal,Better,8
26,No,Travel_Rarely,Research & Development,2,Below College,Medical,1407,Low,Male,Medium,Entry,Research Scientist,Very High,3904,4050,12,Normal,Better,4
42,No,Travel_Rarely,Human Resources,10,Bachelor,Human Resources,1408,High,Female,High,Senior,Manager,Low,16799,16616,14,Normal,Better,20
52,No,Travel_Rarely,Research & Development,8,Master,Other,1409,High,Female,High,Entry,Laboratory Technician,Low,2950,17363,13,Normal,Bad,5
37,No,Travel_Rarely,Research & Development,11,Bachelor,Medical,1411,Low,Female,High,Entry,Laboratory Technician,High,3629,19106,18,Normal,Better,3
35,No,Travel_Frequently,Research & Development,18,College,Life Sciences,1412,High,Male,High,Mid,Manufacturing Director,Very High,9362,19944,11,Normal,Better,2
25,No,Travel_Rarely,Research & Development,1,Bachelor,Technical Degree,1415,Low,Male,High,Entry,Laboratory Technician,Very High,3229,4910,11,Normal,Good,3
26,No,Travel_Rarely,Research & Development,7,Bachelor,Other,1417,High,Male,Very High,Entry,Laboratory Technician,Low,3578,23577,12,Normal,Better,7
29,No,Travel_Rarely,Human Resources,17,Bachelor,Other,1419,Medium,Male,Medium,Mid,Human Resources,Low,7988,9769,13,Normal,Good,10
49,Yes,Travel_Frequently,Research & Development,28,College,Life Sciences,1420,Low,Male,Medium,Junior,Laboratory Technician,Low,4284,22710,20,Excellent,Better,4
29,Yes,Travel_Frequently,Research & Development,14,Below College,Other,1421,High,Female,High,Mid,Healthcare Representative,Very High,7553,22930,12,Normal,Better,8
54,No,Travel_Rarely,Research & Development,1,Bachelor,Medical,1422,Very High,Female,High,Senior,Research Director,Very High,17328,5652,19,Normal,Good,20
58,No,Travel_Rarely,Research & Development,1,Bachelor,Medical,1423,Very High,Female,High,Executive,Research Director,Low,19701,22456,21,Excellent,Better,9
55,No,Travel_Rarely,Research & Development,1,Master,Medical,1424,Medium,Male,Very High,Senior,Research Director,Very High,14732,12414,13,Normal,Best,7
36,No,Travel_Rarely,Sales,3,Master,Marketing,1425,Low,Female,High,Junior,Sales Executive,Medium,9278,20763,16,Normal,Better,5
31,Yes,Travel_Frequently,Sales,1,Master,Life Sciences,1427,Medium,Female,Low,Entry,Sales Representative,High,1359,16154,12,Normal,Better,1
30,No,Travel_Rarely,Sales,7,Master,Marketing,1428,Very High,Female,High,Junior,Sales Executive,Low,4779,12761,14,Normal,Better,3
31,No,Travel_Rarely,Research & Development,8,Doctor,Life Sciences,1430,Low,Female,High,Senior,Research Director,Medium,16422,8847,11,Normal,Best,3
34,No,Travel_Frequently,Research & Development,1,Master,Other,1431,Very High,Male,High,Entry,Research Scientist,Low,2996,20284,14,Normal,Better,4
31,Yes,Travel_Rarely,Research & Development,8,Bachelor,Life Sciences,1433,Low,Female,Medium,Entry,Research Scientist,Medium,1261,22262,12,Normal,Best,1
27,No,Travel_Rarely,Research & Development,11,Below College,Life Sciences,1434,Medium,Male,High,Entry,Laboratory Technician,Low,2099,7679,14,Normal,Best,5
36,No,Travel_Rarely,Research & Development,4,Master,Life Sciences,1435,Low,Male,Medium,Junior,Laboratory Technician,Very High,5810,22604,16,Normal,Good,10
36,No,Travel_Rarely,Sales,16,Master,Marketing,1436,High,Female,Medium,Junior,Sales Executive,Low,5647,13494,13,Normal,Good,3
47,No,Travel_Rarely,Research & Development,1,Bachelor,Technical Degree,1438,Low,Male,High,Entry,Research Scientist,Very High,3420,10205,12,Normal,Good,6
25,Yes,Travel_Rarely,Sales,9,College,Life Sciences,1439,Low,Male,Medium,Entry,Sales Representative,Low,4400,15182,12,Normal,Better,3
37,No,Non-Travel,Research & Development,5,College,Technical Degree,1440,High,Male,Very High,Entry,Laboratory Technician,High,3500,25470,14,Normal,Bad,6
56,No,Travel_Rarely,Research & Development,1,College,Life Sciences,1441,Low,Female,High,Entry,Research Scientist,Low,2066,10494,22,Excellent,Best,3
47,No,Travel_Rarely,Research & Development,2,Master,Medical,1443,Low,Female,High,Senior,Research Director,High,17169,26703,19,Normal,Best,20
24,No,Travel_Rarely,Sales,4,Below College,Medical,1445,Very High,Female,High,Junior,Sales Executive,High,4162,15211,12,Normal,Better,5
32,No,Travel_Rarely,Sales,7,Doctor,Marketing,1446,Very High,Male,High,Junior,Sales Executive,Very High,9204,23343,12,Normal,Good,4
34,No,Travel_Rarely,Research & Development,1,Bachelor,Life Sciences,1447,Very High,Female,Medium,Entry,Laboratory Technician,Medium,3294,3708,17,Normal,Good,5
41,No,Travel_Rarely,Research & Development,5,Doctor,Medical,1448,Medium,Male,Very High,Entry,Research Scientist,High,2127,5561,12,Normal,Good,4
40,No,Non-Travel,Research & Development,9,Master,Other,1449,High,Male,High,Junior,Laboratory Technician,High,3975,23099,11,Normal,Best,8
31,No,Travel_Rarely,Sales,8,College,Life Sciences,1453,Low,Male,High,Mid,Sales Executive,Very High,10793,8386,18,Normal,Better,13
46,Yes,Travel_Rarely,Sales,9,Bachelor,Marketing,1457,Low,Male,High,Mid,Sales Executive,Very High,10096,15986,11,Normal,Best,7
39,Yes,Non-Travel,Research & Development,2,Bachelor,Life Sciences,1458,Low,Female,Medium,Entry,Laboratory Technician,Low,3646,17181,23,Excellent,Best,1
31,Yes,Travel_Frequently,Research & Development,1,Doctor,Life Sciences,1459,High,Female,Very High,Mid,Manufacturing Director,Medium,7446,8931,11,Normal,Better,10
45,No,Travel_Rarely,Research & Development,20,Bachelor,Medical,1460,Medium,Male,Low,Mid,Healthcare Representative,Low,10851,19863,18,Normal,Better,7
31,No,Travel_Rarely,Human Resources,8,College,Medical,1461,Very High,Female,Very High,Entry,Human Resources,Medium,2109,24609,18,Normal,Better,3
31,Yes,Travel_Frequently,Research & Development,2,Bachelor,Life Sciences,1464,Medium,Male,High,Entry,Laboratory Technician,Very High,3722,21081,13,Normal,Bad,2
45,No,Travel_Rarely,Research & Development,29,Bachelor,Technical Degree,1465,Medium,Male,High,Mid,Manufacturing Director,Very High,9380,14720,18,Normal,Best,3
48,No,Travel_Rarely,Sales,7,Bachelor,Marketing,1466,High,Male,High,Junior,Sales Executive,Low,5486,24795,11,Normal,Better,2
34,Yes,Travel_Rarely,Human Resources,9,Master,Technical Degree,1467,Low,Female,High,Entry,Human Resources,High,2742,3072,15,Normal,Better,2
40,No,Non-Travel,Research & Development,8,Below College,Medical,1468,Very High,Male,Medium,Mid,Research Director,Medium,13757,25178,11,Normal,Better,9
28,No,Travel_Rarely,Sales,5,Bachelor,Medical,1469,Very High,Male,High,Junior,Sales Executive,Low,8463,23490,18,Normal,Better,5
44,No,Non-Travel,Research & Development,5,Bachelor,Life Sciences,1471,High,Male,Medium,Entry,Laboratory Technician,High,3162,7973,14,Normal,Better,5
53,No,Travel_Rarely,Research & Development,2,Bachelor,Medical,1472,Very High,Male,Very High,Senior,Research Director,Medium,16598,19764,12,Normal,Good,9
49,No,Travel_Rarely,Research & Development,5,Master,Technical Degree,1473,Low,Male,High,Junior,Healthcare Representative,High,6651,21534,14,Normal,Good,3
40,No,Travel_Rarely,Research & Development,2,Bachelor,Medical,1474,High,Male,High,Entry,Research Scientist,High,2345,8045,14,Normal,Best,3
44,No,Travel_Rarely,Research & Development,20,Bachelor,Life Sciences,1475,Very High,Male,High,Entry,Research Scientist,Medium,3420,21158,13,Normal,Good,5
33,No,Travel_Frequently,Sales,7,Bachelor,Medical,1477,Very High,Male,High,Junior,Sales Executive,Low,4373,17456,14,Normal,Better,4
34,No,Travel_Rarely,Sales,3,Bachelor,Other,1478,Very High,Male,Low,Junior,Sales Executive,Low,4759,15891,18,Normal,Better,13
30,No,Travel_Rarely,Sales,16,Below College,Life Sciences,1479,Very High,Male,High,Junior,Sales Executive,High,5301,2939,15,Normal,Good,2
42,No,Travel_Frequently,Research & Development,9,College,Medical,1480,Low,Female,High,Entry,Laboratory Technician,Very High,3673,16458,13,Normal,Better,12
44,No,Travel_Frequently,Sales,1,Doctor,Marketing,1481,Low,Female,High,Junior,Sales Executive,High,4768,9282,12,Normal,Good,1
30,No,Non-Travel,Research & Development,7,Bachelor,Technical Degree,1482,High,Male,High,Entry,Research Scientist,High,1274,7152,13,Normal,Good,1
57,No,Travel_Rarely,Research & Development,1,College,Life Sciences,1483,Medium,Male,Very High,Junior,Research Scientist,High,4900,2721,24,Excellent,Good,12
49,No,Travel_Rarely,Research & Development,7,Master,Life Sciences,1484,High,Male,High,Mid,Healthcare Representative,Medium,10466,20948,14,Normal,Better,8
34,No,Travel_Frequently,Research & Development,15,Bachelor,Medical,1485,Medium,Male,High,Senior,Research Director,Low,17007,11929,14,Normal,Good,14
28,Yes,Travel_Frequently,Sales,1,Bachelor,Technical Degree,1486,Low,Male,High,Entry,Sales Representative,High,2909,15747,15,Normal,Best,3
29,Yes,Travel_Frequently,Sales,13,Bachelor,Technical Degree,1487,Low,Female,High,Junior,Sales Executive,Medium,5765,17485,11,Normal,Bad,5
34,Yes,Travel_Rarely,Sales,24,Master,Medical,1489,Low,Female,Medium,Junior,Sales Executive,Medium,4599,7815,23,Excellent,Best,15
35,No,Travel_Rarely,Sales,7,Below College,Life Sciences,1492,Very High,Male,High,Entry,Sales Representative,High,2404,16192,13,Normal,Better,1
24,Yes,Travel_Frequently,Research & Development,9,Bachelor,Medical,1494,Medium,Male,High,Entry,Laboratory Technician,Low,3172,16998,11,Normal,Good,0
24,No,Non-Travel,Sales,13,College,Life Sciences,1495,Very High,Female,High,Entry,Sales Representative,Medium,2033,7103,13,Normal,Better,1
44,No,Travel_Frequently,Research & Development,2,Below College,Medical,1496,Medium,Male,High,Mid,Manufacturing Director,High,10209,19719,18,Normal,Good,2
29,No,Travel_Rarely,Sales,19,Bachelor,Life Sciences,1497,High,Male,Medium,Junior,Sales Executive,High,8620,23757,14,Normal,Better,10
30,No,Travel_Rarely,Human Resources,1,Bachelor,Life Sciences,1499,High,Male,High,Entry,Human Resources,High,2064,15428,21,Excellent,Best,5
55,No,Travel_Rarely,Research & Development,4,Master,Life Sciences,1501,Very High,Male,High,Junior,Healthcare Representative,High,4035,16143,16,Normal,Better,3
33,No,Travel_Rarely,Research & Development,4,Master,Medical,1502,Low,Female,Medium,Entry,Laboratory Technician,Medium,3838,8192,11,Normal,Better,5
47,No,Travel_Rarely,Sales,14,Bachelor,Medical,1503,High,Female,High,Junior,Sales Executive,High,4591,24200,17,Normal,Good,5
28,Yes,Travel_Frequently,Research & Development,2,College,Medical,1504,High,Male,Medium,Entry,Laboratory Technician,Low,2561,5355,11,Normal,Good,0
28,No,Travel_Rarely,Research & Development,1,Bachelor,Life Sciences,1506,Low,Male,Medium,Entry,Research Scientist,High,1563,12530,14,Normal,Bad,1
28,No,Travel_Frequently,Sales,7,Bachelor,Life Sciences,1507,High,Male,High,Junior,Sales Executive,Low,4898,11827,14,Normal,Better,4
49,No,Travel_Rarely,Research & Development,3,College,Medical,1509,High,Female,Medium,Junior,Laboratory Technician,Low,4789,23070,25,Excellent,Better,3
29,No,Travel_Frequently,Research & Development,2,Below College,Life Sciences,1513,Very High,Female,High,Entry,Laboratory Technician,Medium,3180,4668,13,Normal,Better,3
28,No,Travel_Rarely,Research & Development,29,Below College,Life Sciences,1514,High,Male,Low,Junior,Manufacturing Director,Medium,6549,3173,14,Normal,Good,8
33,No,Travel_Rarely,Research & Development,8,Doctor,Life Sciences,1515,Very High,Male,High,Junior,Healthcare Representative,High,6388,22049,17,Normal,Better,0
32,No,Travel_Rarely,Research & Development,10,Bachelor,Medical,1516,High,Male,High,Mid,Manager,Very High,11244,21072,25,Excellent,Best,5
54,No,Travel_Frequently,Research & Development,11,Master,Medical,1520,Medium,Female,High,Senior,Manager,Very High,16032,24456,20,Excellent,Better,14
29,Yes,Travel_Rarely,Research & Development,1,Master,Technical Degree,1522,Low,Male,Medium,Entry,Research Scientist,Low,2362,7568,13,Normal,Bad,9
44,No,Travel_Rarely,Research & Development,28,Bachelor,Life Sciences,1523,Very High,Male,High,Senior,Research Director,Low,16328,22074,13,Normal,Best,20
39,No,Travel_Rarely,Research & Development,6,Bachelor,Life Sciences,1525,Medium,Female,High,Mid,Manufacturing Director,Medium,8376,9150,18,Normal,Better,2
46,No,Travel_Rarely,Sales,3,Bachelor,Life Sciences,1527,High,Female,High,Senior,Manager,Medium,16606,11380,12,Normal,Best,13
35,No,Travel_Rarely,Research & Development,16,Bachelor,Life Sciences,1529,Very High,Female,Medium,Mid,Healthcare Representative,Medium,8606,21195,19,Normal,Bad,11
23,No,Travel_Rarely,Research & Development,20,Below College,Life Sciences,1533,Low,Male,High,Junior,Laboratory Technician,High,2272,24812,14,Normal,Better,4
40,Yes,Travel_Rarely,Research & Development,9,Master,Life Sciences,1534,Very High,Male,High,Entry,Laboratory Technician,Low,2018,21831,14,Normal,Bad,5
34,No,Travel_Rarely,Sales,1,Bachelor,Technical Degree,1535,Very High,Male,Medium,Mid,Sales Executive,High,7083,12288,14,Normal,Better,10
31,Yes,Travel_Frequently,Research & Development,3,Bachelor,Life Sciences,1537,Very High,Female,High,Entry,Research Scientist,High,4084,4156,12,Normal,Bad,7
50,No,Travel_Frequently,Research & Development,22,Doctor,Medical,1539,High,Male,Low,Senior,Research Director,Very High,14411,24450,13,Normal,Better,32
34,No,Travel_Rarely,Sales,7,College,Technical Degree,1541,Medium,Male,High,Entry,Sales Representative,High,2308,4944,25,Excellent,Better,11
42,No,Travel_Rarely,Research & Development,2,Bachelor,Medical,1542,High,Male,Medium,Entry,Laboratory Technician,Medium,4841,24052,14,Normal,Better,1
37,No,Travel_Rarely,Research & Development,13,Bachelor,Medical,1543,Low,Male,High,Junior,Research Scientist,Very High,4285,3031,17,Normal,Better,10
29,No,Travel_Rarely,Research & Development,8,Below College,Other,1544,High,Female,Low,Junior,Healthcare Representative,Low,9715,7288,13,Normal,Better,7
33,No,Travel_Rarely,Research & Development,25,Bachelor,Life Sciences,1545,Very High,Male,Medium,Junior,Manufacturing Director,Medium,4320,24152,13,Normal,Better,5
45,No,Travel_Rarely,Research & Development,28,Bachelor,Technical Degree,1546,Very High,Male,High,Entry,Research Scientist,Very High,2132,4585,20,Excellent,Better,5
42,No,Travel_Frequently,Research & Development,2,Bachelor,Life Sciences,1547,Very High,Male,High,Mid,Healthcare Representative,Very High,10124,18611,14,Normal,Bad,20
40,No,Travel_Rarely,Sales,9,College,Medical,1548,Low,Male,High,Junior,Sales Executive,Low,5473,19345,12,Normal,Best,8
33,No,Travel_Rarely,Research & Development,28,Master,Life Sciences,1549,Medium,Male,High,Junior,Laboratory Technician,High,5207,22949,12,Normal,Better,15
40,No,Travel_Rarely,Human Resources,6,College,Medical,1550,High,Male,High,Senior,Manager,Very High,16437,17381,21,Excellent,Better,21
24,No,Travel_Rarely,Research & Development,21,College,Technical Degree,1551,High,Male,Medium,Entry,Laboratory Technician,Low,2296,10036,14,Normal,Better,1
40,No,Non-Travel,Research & Development,8,College,Life Sciences,1552,Very High,Male,High,Junior,Healthcare Representative,Very High,4069,8841,18,Normal,Better,2
45,No,Travel_Rarely,Research & Development,1,Master,Technical Degree,1553,Low,Male,High,Mid,Healthcare Representative,Medium,7441,20933,12,Normal,Better,10
35,No,Travel_Rarely,Sales,28,Master,Life Sciences,1554,Medium,Female,Medium,Entry,Sales Representative,High,2430,26204,23,Excellent,Better,5
32,No,Travel_Rarely,Research & Development,5,College,Life Sciences,1555,Very High,Female,Medium,Junior,Research Scientist,Medium,5878,15624,12,Normal,Better,7
36,No,Travel_Rarely,Sales,2,Master,Life Sciences,1556,High,Male,High,Entry,Sales Representative,Very High,2644,17001,21,Excellent,Good,3
48,No,Travel_Rarely,Sales,16,Master,Life Sciences,1557,High,Female,High,Junior,Sales Executive,High,6439,13693,14,Normal,Better,8
29,No,Travel_Rarely,Research & Development,9,Bachelor,Life Sciences,1558,High,Male,Very High,Entry,Research Scientist,High,2451,22376,18,Normal,Good,1
33,No,Travel_Rarely,Sales,8,Master,Life Sciences,1560,Low,Male,High,Junior,Sales Executive,Low,6392,10589,13,Normal,Bad,2
30,Yes,Travel_Rarely,Sales,1,Bachelor,Life Sciences,1562,Medium,Male,Medium,Junior,Sales Executive,Low,9714,5323,11,Normal,Better,10
38,No,Travel_Frequently,Human Resources,10,Master,Human Resources,1563,High,Male,High,Junior,Human Resources,High,6077,14814,11,Normal,Better,6
35,No,Travel_Rarely,Research & Development,1,Bachelor,Medical,1564,Very High,Male,Medium,Entry,Laboratory Technician,Low,2450,21731,19,Normal,Better,3
30,No,Travel_Rarely,Sales,29,Master,Technical Degree,1568,High,Male,High,Mid,Sales Executive,Medium,9250,17799,12,Normal,Better,4
35,Yes,Travel_Rarely,Research & Development,2,Bachelor,Life Sciences,1569,Low,Female,High,Entry,Laboratory Technician,Low,2074,26619,12,Normal,Better,1
53,Yes,Travel_Rarely,Research & Development,2,Doctor,Technical Degree,1572,High,Female,Medium,Mid,Manufacturing Director,Very High,10169,14618,16,Normal,Better,33
38,Yes,Travel_Rarely,Research & Development,2,Bachelor,Medical,1573,High,Male,High,Junior,Manufacturing Director,Medium,4855,7653,11,Normal,Better,5
32,No,Non-Travel,Research & Development,1,Master,Technical Degree,1574,Very High,Male,High,Junior,Research Scientist,Low,4087,25174,14,Normal,Good,6
48,No,Travel_Rarely,Research & Development,15,Master,Other,1576,High,Female,High,Entry,Research Scientist,Low,2367,16530,12,Normal,Good,8
34,No,Travel_Rarely,Research & Development,7,Master,Medical,1577,Low,Male,High,Entry,Research Scientist,Very High,2972,22061,13,Normal,Bad,1
55,No,Travel_Rarely,Sales,26,Doctor,Marketing,1578,High,Male,Medium,Executive,Manager,Very High,19586,23037,21,Excellent,Better,36
34,No,Travel_Rarely,Research & Development,1,Master,Life Sciences,1580,Medium,Male,High,Junior,Research Scientist,Very High,5484,13008,17,Normal,Good,2
26,No,Travel_Rarely,Research & Development,3,Bachelor,Life Sciences,1581,Low,Female,High,Entry,Research Scientist,Very High,2061,11133,21,Excellent,Better,1
38,No,Travel_Rarely,Sales,14,Bachelor,Life Sciences,1582,High,Male,High,Junior,Sales Executive,Medium,9924,12355,11,Normal,Better,9
38,No,Travel_Rarely,Sales,16,Bachelor,Life Sciences,1583,Medium,Female,High,Junior,Sales Executive,Medium,4198,16379,12,Normal,Best,3
36,No,Travel_Rarely,Sales,1,Master,Life Sciences,1585,Medium,Female,High,Junior,Sales Executive,High,6815,21447,13,Normal,Better,1
29,No,Travel_Rarely,Research & Development,3,Below College,Medical,1586,Medium,Male,High,Entry,Laboratory Technician,Low,4723,16213,18,Normal,Better,10
35,No,Travel_Rarely,Research & Development,10,Master,Medical,1587,Low,Female,High,Junior,Healthcare Representative,High,6142,4223,16,Normal,Better,5
39,No,Travel_Rarely,Sales,6,Bachelor,Medical,1588,Very High,Male,Very High,Mid,Sales Executive,High,8237,4658,11,Normal,Better,7
29,No,Travel_Frequently,Research & Development,2,Below College,Life Sciences,1590,Low,Male,High,Junior,Healthcare Representative,Very High,8853,24483,19,Normal,Best,6
50,No,Travel_Rarely,Sales,9,Bachelor,Marketing,1591,High,Male,High,Executive,Manager,High,19331,19519,16,Normal,Better,1
23,No,Travel_Rarely,Research & Development,10,Bachelor,Technical Degree,1592,Very High,Male,Very High,Entry,Research Scientist,High,2073,12826,16,Normal,Better,2
36,No,Travel_Frequently,Research & Development,6,Master,Life Sciences,1594,Low,Male,Very High,Junior,Laboratory Technician,Low,5562,19711,13,Normal,Better,3
42,No,Travel_Rarely,Research & Development,9,College,Other,1595,Very High,Male,Medium,Executive,Manager,Very High,19613,26362,22,Excellent,Better,1
35,No,Travel_Rarely,Research & Development,28,Bachelor,Life Sciences,1596,Medium,Male,Very High,Junior,Laboratory Technician,High,3407,25348,17,Normal,Good,10
34,No,Travel_Frequently,Research & Development,10,Master,Technical Degree,1597,Very High,Male,Medium,Junior,Healthcare Representative,High,5063,15332,14,Normal,Good,8
40,No,Travel_Rarely,Sales,14,College,Life Sciences,1598,Very High,Female,High,Junior,Sales Executive,Low,4639,11262,15,Normal,Better,5
43,No,Travel_Rarely,Research & Development,27,Bachelor,Technical Degree,1599,Very High,Male,Very High,Entry,Laboratory Technician,Medium,4876,5855,12,Normal,Better,6
35,No,Travel_Rarely,Research & Development,7,College,Life Sciences,1601,High,Male,Medium,Entry,Laboratory Technician,Very High,2690,7713,18,Normal,Good,1
46,No,Travel_Rarely,Sales,1,Master,Life Sciences,1602,Very High,Male,Very High,Senior,Manager,Low,17567,3156,15,Normal,Bad,26
28,Yes,Travel_Rarely,Research & Development,24,Bachelor,Medical,1604,High,Male,High,Entry,Laboratory Technician,Medium,2408,7324,17,Normal,Better,1
22,No,Non-Travel,Research & Development,26,College,Other,1605,Medium,Female,Medium,Entry,Research Scientist,High,2814,10293,14,Normal,Good,4
50,No,Travel_Frequently,Research & Development,20,Doctor,Medical,1606,Medium,Male,High,Senior,Healthcare Representative,High,11245,20689,15,Normal,Better,30
32,No,Travel_Rarely,Research & Development,5,Master,Other,1607,Medium,Female,Very High,Entry,Research Scientist,Very High,3312,18783,17,Normal,Better,3
44,No,Travel_Rarely,Research & Development,7,Bachelor,Medical,1608,Medium,Female,High,Executive,Research Director,Very High,19049,3549,14,Normal,Good,22
30,No,Travel_Rarely,Research & Development,7,Bachelor,Medical,1609,Medium,Male,Medium,Entry,Research Scientist,Medium,2141,5348,12,Normal,Good,6
45,No,Travel_Rarely,Research & Development,5,Doctor,Medical,1611,High,Female,Low,Junior,Laboratory Technician,Low,5769,23447,14,Normal,Better,10
45,No,Non-Travel,Sales,26,Bachelor,Marketing,1612,Low,Male,Medium,Junior,Sales Executive,Low,4385,24162,15,Normal,Better,10
31,No,Travel_Frequently,Sales,2,Master,Other,1613,Very High,Male,High,Junior,Sales Executive,Low,5332,21602,13,Normal,Better,5
36,No,Travel_Rarely,Research & Development,12,Master,Life Sciences,1614,High,Female,High,Junior,Manufacturing Director,High,4663,12421,12,Normal,Better,3
34,No,Travel_Frequently,Research & Development,10,Master,Life Sciences,1615,High,Male,Very High,Junior,Manufacturing Director,Very High,4724,17000,13,Normal,Better,9
49,No,Travel_Rarely,Research & Development,25,Master,Life Sciences,1617,High,Female,High,Entry,Laboratory Technician,Low,3211,22102,14,Normal,Good,9
39,No,Travel_Rarely,Research & Development,10,Doctor,Medical,1618,Medium,Male,High,Junior,Manufacturing Director,Low,5377,3835,13,Normal,Better,7
27,No,Travel_Rarely,Research & Development,19,Bachelor,Other,1619,Very High,Male,Medium,Entry,Laboratory Technician,Low,4066,16290,11,Normal,Better,7
35,No,Travel_Rarely,Research & Development,18,Doctor,Life Sciences,1621,Medium,Male,Very High,Junior,Research Scientist,Low,5208,26312,11,Normal,Better,16
28,No,Travel_Rarely,Research & Development,27,Bachelor,Medical,1622,Medium,Female,Low,Junior,Manufacturing Director,Low,4877,20460,21,Excellent,Good,5
21,No,Travel_Rarely,Research & Development,5,Below College,Medical,1623,High,Male,High,Entry,Research Scientist,Very High,3117,26009,18,Normal,Better,2
18,Yes,Travel_Frequently,Sales,3,College,Medical,1624,Medium,Female,High,Entry,Sales Representative,Very High,1569,18420,12,Normal,Best,0
47,No,Travel_Rarely,Human Resources,26,Master,Life Sciences,1625,Very High,Female,High,Executive,Manager,High,19658,5220,11,Normal,Better,5
39,No,Travel_Rarely,Research & Development,3,College,Medical,1627,High,Male,Medium,Junior,Laboratory Technician,High,3069,10302,15,Normal,Better,10
40,No,Travel_Rarely,Research & Development,15,Bachelor,Life Sciences,1628,Low,Female,Medium,Mid,Manufacturing Director,High,10435,25800,13,Normal,Better,18
35,No,Non-Travel,Research & Development,8,Master,Life Sciences,1630,High,Female,High,Junior,Healthcare Representative,High,4148,12250,12,Normal,Better,14
37,No,Travel_Rarely,Research & Development,19,Bachelor,Life Sciences,1631,High,Male,High,Junior,Manufacturing Director,High,5768,26493,17,Normal,Good,4
39,No,Travel_Frequently,Research & Development,4,Bachelor,Medical,1633,Low,Female,High,Junior,Manufacturing Director,High,5042,3140,13,Normal,Bad,9
45,No,Travel_Rarely,Research & Development,2,College,Other,1635,Very High,Female,Medium,Junior,Manufacturing Director,Very High,5770,5388,19,Normal,Better,10
38,No,Travel_Rarely,Research & Development,2,College,Medical,1638,Very High,Female,Medium,Mid,Manufacturing Director,High,7756,14199,19,Normal,Best,5
35,Yes,Travel_Rarely,Sales,10,Bachelor,Medical,1639,Very High,Male,Medium,Mid,Sales Executive,Low,10306,21530,17,Normal,Better,13
37,No,Travel_Rarely,Research & Development,10,Bachelor,Medical,1640,Medium,Female,High,Entry,Research Scientist,Medium,3936,9953,11,Normal,Bad,8
40,No,Travel_Rarely,Research & Development,16,Bachelor,Life Sciences,1641,High,Female,High,Mid,Manufacturing Director,Very High,7945,19948,15,Normal,Good,4
44,No,Travel_Frequently,Human Resources,1,Doctor,Human Resources,1642,Low,Male,High,Junior,Human Resources,Very High,5743,10503,11,Normal,Better,10
48,No,Travel_Frequently,Research & Development,4,Doctor,Medical,1644,High,Male,Medium,Senior,Manager,Very High,15202,5602,25,Excellent,Better,2
35,Yes,Travel_Rarely,Sales,15,College,Medical,1645,Low,Male,Low,Junior,Sales Executive,Very High,5440,22098,14,Normal,Good,2
24,No,Travel_Frequently,Research & Development,2,Below College,Technical Degree,1646,Low,Female,High,Entry,Research Scientist,Very High,3760,17218,13,Normal,Better,6
27,No,Travel_Rarely,Research & Development,8,Bachelor,Medical,1647,Medium,Female,Very High,Entry,Research Scientist,High,3517,22490,17,Normal,Better,3
27,No,Travel_Frequently,Research & Development,2,Bachelor,Medical,1648,Very High,Male,High,Entry,Research Scientist,Very High,2580,6297,13,Normal,Good,4
40,Yes,Travel_Rarely,Research & Development,7,Bachelor,Life Sciences,1649,Low,Male,High,Entry,Laboratory Technician,Low,2166,3339,14,Normal,Bad,4
29,No,Travel_Rarely,Sales,10,Bachelor,Medical,1650,High,Male,Medium,Junior,Sales Executive,High,5869,23413,11,Normal,Better,5
36,No,Travel_Rarely,Research & Development,5,Master,Life Sciences,1651,Medium,Female,High,Mid,Healthcare Representative,Low,8008,22792,12,Normal,Better,3
25,No,Travel_Frequently,Research & Development,2,Below College,Life Sciences,1653,Very High,Male,Very High,Junior,Manufacturing Director,High,5206,4973,17,Normal,Better,7
39,No,Travel_Rarely,Research & Development,12,Bachelor,Medical,1654,Very High,Male,High,Junior,Manufacturing Director,Medium,5295,7693,21,Excellent,Better,5
49,No,Travel_Rarely,Research & Development,22,Master,Other,1655,Low,Female,High,Senior,Research Director,Medium,16413,3498,16,Normal,Better,4
50,No,Travel_Rarely,Research & Development,17,Doctor,Life Sciences,1656,Very High,Female,Medium,Mid,Research Director,Low,13269,21981,15,Normal,Better,14
20,No,Travel_Rarely,Sales,2,Bachelor,Medical,1657,High,Female,High,Entry,Sales Representative,High,2783,13251,19,Normal,Better,2
34,No,Travel_Rarely,Research & Development,3,Bachelor,Life Sciences,1658,Very High,Female,High,Junior,Research Scientist,Medium,5433,19332,12,Normal,Better,11
36,No,Travel_Rarely,Research & Development,7,Bachelor,Life Sciences,1659,Low,Male,High,Entry,Laboratory Technician,Medium,2013,10950,11,Normal,Better,4
49,No,Travel_Rarely,Research & Development,6,Below College,Life Sciences,1661,High,Female,Medium,Senior,Healthcare Representative,High,13966,11652,19,Normal,Better,15
36,No,Non-Travel,Research & Development,1,Master,Medical,1662,Very High,Female,Medium,Junior,Manufacturing Director,High,4374,15411,15,Normal,Better,3
36,No,Travel_Rarely,Research & Development,3,College,Life Sciences,1664,Very High,Male,Very High,Junior,Healthcare Representative,Low,6842,26308,20,Excellent,Better,5
54,No,Travel_Rarely,Research & Development,22,Doctor,Medical,1665,Medium,Female,High,Senior,Manager,High,17426,18685,25,Excellent,Better,10
43,No,Travel_Rarely,Research & Development,15,College,Life Sciences,1666,High,Male,Medium,Senior,Research Director,High,17603,3525,24,Excellent,Better,14
35,Yes,Travel_Frequently,Sales,12,Master,Other,1667,Very High,Male,High,Junior,Sales Executive,Very High,4581,10414,24,Excellent,Best,11
38,No,Travel_Frequently,Research & Development,1,Bachelor,Life Sciences,1668,Very High,Male,High,Junior,Research Scientist,Very High,4735,9867,15,Normal,Best,13
29,No,Travel_Rarely,Sales,5,Bachelor,Medical,1669,Low,Male,Medium,Junior,Sales Executive,Medium,4187,3356,13,Normal,Good,10
33,No,Travel_Rarely,Sales,2,Master,Medical,1670,Very High,Male,High,Junior,Sales Executive,Very High,5505,3921,14,Normal,Better,6
32,No,Travel_Rarely,Research & Development,2,Bachelor,Medical,1671,Very High,Male,High,Junior,Research Scientist,Medium,5470,25518,13,Normal,Good,9
31,No,Travel_Rarely,Sales,5,Master,Life Sciences,1673,Low,Female,High,Junior,Sales Executive,Very High,5476,22589,11,Normal,Better,10
49,No,Travel_Rarely,Research & Development,16,Bachelor,Medical,1674,Very High,Female,High,Entry,Laboratory Technician,Low,2587,24941,16,Normal,Good,2
38,No,Travel_Frequently,Research & Development,2,Bachelor,Medical,1675,Very High,Female,Medium,Entry,Laboratory Technician,Medium,2440,23826,22,Excellent,Better,4
47,No,Travel_Rarely,Sales,2,Master,Life Sciences,1676,Medium,Female,Very High,Senior,Manager,Medium,15972,21086,14,Normal,Better,3
49,No,Travel_Rarely,Research & Development,1,Bachelor,Life Sciences,1677,High,Male,High,Senior,Manager,High,15379,22384,14,Normal,Better,8
41,No,Travel_Rarely,Sales,23,College,Life Sciences,1678,Very High,Male,High,Mid,Sales Executive,High,7082,11591,16,Normal,Better,2
20,No,Travel_Rarely,Sales,9,Below College,Life Sciences,1680,Very High,Male,High,Entry,Sales Representative,Low,2728,21082,11,Normal,Better,2
33,No,Non-Travel,Sales,16,Bachelor,Life Sciences,1681,High,Female,High,Junior,Sales Executive,Very High,5368,16130,25,Excellent,Better,6
36,No,Travel_Rarely,Research & Development,26,Master,Life Sciences,1682,Low,Male,High,Junior,Healthcare Representative,High,5347,7419,14,Normal,Good,3
44,No,Travel_Rarely,Human Resources,1,Bachelor,Life Sciences,1683,High,Female,High,Entry,Human Resources,Very High,3195,4167,18,Normal,Better,2
23,Yes,Travel_Rarely,Research & Development,8,Below College,Medical,1684,Very High,Male,Medium,Entry,Laboratory Technician,High,3989,20586,11,Normal,Better,5
38,No,Travel_Rarely,Research & Development,4,College,Medical,1687,Very High,Female,High,Entry,Laboratory Technician,High,3306,26176,19,Normal,Good,0
53,No,Travel_Rarely,Research & Development,24,Master,Medical,1689,Medium,Male,Very High,Mid,Healthcare Representative,Very High,7005,3458,15,Normal,Better,4
48,Yes,Travel_Frequently,Sales,7,College,Medical,1691,Very High,Female,High,Entry,Sales Representative,High,2655,11740,11,Normal,Better,9
32,Yes,Travel_Rarely,Research & Development,2,Master,Life Sciences,1692,Very High,Male,High,Entry,Laboratory Technician,Medium,1393,24852,12,Normal,Better,1
26,No,Non-Travel,Research & Development,7,Bachelor,Medical,1693,Very High,Male,High,Entry,Laboratory Technician,Very High,2570,11925,20,Excellent,Better,7
55,No,Travel_Rarely,Research & Development,22,Bachelor,Technical Degree,1694,Low,Male,Medium,Entry,Research Scientist,Medium,3537,23737,12,Normal,Better,4
34,No,Travel_Rarely,Research & Development,5,College,Medical,1696,Medium,Male,Medium,Junior,Laboratory Technician,Very High,3986,11912,14,Normal,Best,15
60,No,Travel_Rarely,Research & Development,1,Master,Medical,1697,High,Male,Low,Mid,Healthcare Representative,Very High,10883,20467,20,Excellent,Best,1
33,No,Travel_Rarely,Research & Development,21,Bachelor,Medical,1698,Medium,Male,Very High,Entry,Laboratory Technician,Medium,2028,13637,18,Normal,Better,14
37,No,Travel_Frequently,Sales,1,Master,Medical,1700,High,Male,Low,Junior,Sales Executive,Very High,9525,7677,14,Normal,Good,6
34,No,Travel_Rarely,Research & Development,19,Bachelor,Life Sciences,1701,Medium,Female,Medium,Entry,Research Scientist,Very High,2929,20338,12,Normal,Better,10
23,Yes,Travel_Rarely,Sales,7,Bachelor,Life Sciences,1702,High,Male,High,Entry,Sales Representative,Very High,2275,25103,21,Excellent,Better,3
44,No,Travel_Rarely,Research & Development,2,Bachelor,Life Sciences,1703,High,Female,Very High,Mid,Healthcare Representative,Very High,7879,14810,19,Normal,Better,8
35,No,Travel_Frequently,Research & Development,2,Master,Medical,1704,Low,Male,Medium,Entry,Research Scientist,Very High,4930,13970,14,Normal,Best,5
43,No,Travel_Rarely,Sales,2,Bachelor,Medical,1706,Very High,Male,High,Junior,Sales Executive,Very High,7847,6069,17,Normal,Better,10
24,No,Travel_Rarely,Research & Development,9,Bachelor,Medical,1707,High,Male,Very High,Entry,Research Scientist,High,4401,17616,16,Normal,Better,5
41,No,Travel_Rarely,Sales,6,Bachelor,Marketing,1708,Very High,Male,High,Mid,Sales Executive,High,9241,15869,12,Normal,Better,10
29,No,Travel_Rarely,Research & Development,9,Master,Medical,1709,Very High,Female,High,Entry,Laboratory Technician,High,2974,25412,17,Normal,Better,5
36,No,Travel_Rarely,Sales,2,Master,Life Sciences,1710,High,Female,High,Junior,Sales Representative,Very High,4502,7439,15,Normal,Good,13
45,No,Non-Travel,Research & Development,1,Below College,Life Sciences,1712,High,Male,Medium,Mid,Healthcare Representative,High,10748,3395,23,Excellent,Good,23
24,Yes,Travel_Rarely,Human Resources,22,Below College,Human Resources,1714,Very High,Male,Low,Entry,Human Resources,High,1555,11585,11,Normal,Better,1
47,Yes,Travel_Frequently,Sales,9,Bachelor,Life Sciences,1716,High,Male,Low,Senior,Sales Executive,High,12936,24164,11,Normal,Bad,23
26,No,Travel_Rarely,Research & Development,17,Master,Medical,1718,Very High,Male,Low,Entry,Laboratory Technician,High,2305,6217,15,Normal,Best,3
45,No,Travel_Rarely,Research & Development,28,College,Technical Degree,1719,Very High,Female,Medium,Senior,Research Director,Medium,16704,17119,11,Normal,Better,21
32,No,Travel_Frequently,Research & Development,10,Bachelor,Life Sciences,1720,Low,Male,High,Entry,Research Scientist,High,3433,17360,13,Normal,Good,5
31,No,Travel_Rarely,Research & Development,2,Master,Life Sciences,1721,Medium,Male,High,Entry,Laboratory Technician,High,3477,18103,14,Normal,Best,5
41,No,Non-Travel,Human Resources,4,Bachelor,Human Resources,1722,High,Male,Low,Junior,Human Resources,Medium,6430,20794,19,Normal,Better,3
40,No,Travel_Rarely,Research & Development,8,College,Life Sciences,1724,Medium,Female,High,Junior,Manufacturing Director,Low,6516,5041,16,Normal,Better,1
24,No,Travel_Rarely,Research & Development,29,Below College,Medical,1725,Medium,Male,High,Entry,Laboratory Technician,Low,3907,3622,13,Normal,Best,6
46,No,Travel_Rarely,Research & Development,13,Master,Life Sciences,1727,High,Male,High,Junior,Healthcare Representative,Medium,5562,9697,14,Normal,Better,10
35,No,Travel_Rarely,Research & Development,27,Master,Life Sciences,1728,Very High,Male,High,Junior,Manufacturing Director,High,6883,5151,16,Normal,Better,7
30,No,Travel_Rarely,Research & Development,16,Below College,Life Sciences,1729,Medium,Male,High,Entry,Research Scientist,Very High,2862,3811,12,Normal,Good,10
47,No,Non-Travel,Sales,2,Master,Marketing,1731,High,Male,High,Junior,Sales Executive,Medium,4978,3536,11,Normal,Bad,1
46,No,Travel_Rarely,Sales,2,Bachelor,Life Sciences,1732,High,Male,High,Mid,Sales Executive,Very High,10368,5596,12,Normal,Good,10
36,Yes,Travel_Rarely,Sales,13,Doctor,Marketing,1733,Medium,Male,Medium,Junior,Sales Executive,Low,6134,8658,13,Normal,Better,2
32,Yes,Travel_Rarely,Sales,1,College,Life Sciences,1734,Low,Male,Low,Junior,Sales Executive,Medium,6735,12147,15,Normal,Better,0
23,No,Travel_Rarely,Research & Development,4,Below College,Medical,1735,High,Female,High,Entry,Laboratory Technician,Medium,3295,12862,13,Normal,Bad,3
31,No,Travel_Frequently,Research & Development,24,Below College,Technical Degree,1736,Very High,Female,High,Junior,Manufacturing Director,Very High,5238,6670,20,Excellent,Good,5
39,No,Non-Travel,Research & Development,1,Bachelor,Life Sciences,1737,Very High,Male,High,Junior,Laboratory Technician,Very High,6472,8989,15,Normal,Better,9
32,No,Travel_Rarely,Sales,19,Bachelor,Life Sciences,1739,Very High,Male,Low,Mid,Sales Executive,High,9610,3840,13,Normal,Bad,4
40,No,Travel_Rarely,Sales,7,Master,Medical,1740,Medium,Male,High,Executive,Manager,Medium,19833,4349,14,Normal,Good,21
45,No,Travel_Rarely,Human Resources,4,Bachelor,Life Sciences,1744,High,Female,Low,Mid,Human Resources,High,9756,6595,21,Excellent,Best,5
30,No,Travel_Frequently,Research & Development,2,Master,Technical Degree,1745,Very High,Female,Medium,Entry,Research Scientist,Low,4968,26427,16,Normal,Better,9
24,No,Travel_Frequently,Human Resources,10,Bachelor,Medical,1746,Low,Male,High,Entry,Human Resources,Very High,2145,2097,14,Normal,Better,2
30,Yes,Travel_Frequently,Human Resources,8,Bachelor,Human Resources,1747,High,Female,Medium,Entry,Human Resources,Very High,2180,9732,11,Normal,Good,4
31,No,Travel_Rarely,Sales,5,Bachelor,Technical Degree,1749,Low,Male,High,Junior,Sales Executive,High,8346,20943,19,Normal,Better,5
27,No,Travel_Rarely,Research & Development,8,Bachelor,Medical,1751,High,Female,High,Entry,Research Scientist,Very High,3445,6152,11,Normal,Good,6
29,Yes,Travel_Rarely,Sales,9,Bachelor,Marketing,1752,Medium,Female,Low,Entry,Sales Representative,Medium,2760,14630,13,Normal,Better,2
29,No,Travel_Frequently,Research & Development,1,Bachelor,Life Sciences,1753,Very High,Male,Very High,Junior,Healthcare Representative,High,6294,23060,12,Normal,Best,3
30,No,Travel_Rarely,Sales,15,College,Marketing,1754,High,Male,Medium,Mid,Sales Executive,Low,7140,3088,11,Normal,Better,7
34,No,Travel_Rarely,Research & Development,2,Master,Medical,1755,Very High,Male,Very High,Entry,Research Scientist,Very High,2932,5586,14,Normal,Better,5
33,No,Non-Travel,Sales,2,Bachelor,Marketing,1756,Very High,Female,High,Junior,Sales Executive,Medium,5147,10697,15,Normal,Good,11
49,No,Travel_Rarely,Sales,11,Master,Marketing,1757,Very High,Female,High,Junior,Sales Executive,Very High,4507,8191,12,Normal,Best,5
33,Yes,Travel_Rarely,Sales,16,Bachelor,Life Sciences,1758,Low,Female,High,Mid,Sales Executive,Low,8564,10092,20,Excellent,Good,0
38,No,Travel_Frequently,Research & Development,2,College,Medical,1760,High,Female,Medium,Entry,Laboratory Technician,Medium,2468,15963,14,Normal,Good,6
31,Yes,Travel_Rarely,Sales,16,Master,Marketing,1761,Low,Male,High,Mid,Sales Executive,High,8161,19002,13,Normal,Better,1
29,No,Travel_Rarely,Research & Development,4,Bachelor,Technical Degree,1762,Very High,Female,Medium,Entry,Research Scientist,Low,2109,10007,13,Normal,Better,1
30,No,Travel_Rarely,Research & Development,16,Bachelor,Life Sciences,1763,High,Male,Very High,Junior,Healthcare Representative,High,5294,9128,16,Normal,Better,7
32,No,Non-Travel,Research & Development,5,Master,Technical Degree,1764,Medium,Male,High,Entry,Research Scientist,Medium,2718,17674,14,Normal,Better,7
38,No,Travel_Rarely,Research & Development,18,Bachelor,Medical,1766,Medium,Male,Low,Junior,Healthcare Representative,Very High,5811,24539,16,Normal,Better,1
43,Yes,Travel_Frequently,Research & Development,17,Bachelor,Technical Degree,1767,High,Male,Medium,Entry,Research Scientist,High,2437,15587,16,Normal,Better,1
42,No,Travel_Rarely,Research & Development,12,Bachelor,Medical,1768,Medium,Male,High,Entry,Laboratory Technician,Medium,2766,8952,22,Excellent,Good,5
55,No,Travel_Rarely,Research & Development,2,Bachelor,Medical,1770,High,Male,Medium,Executive,Research Director,Low,19038,19805,12,Normal,Better,1
33,No,Non-Travel,Research & Development,4,Bachelor,Technical Degree,1771,Very High,Male,High,Junior,Research Scientist,Medium,3055,6194,15,Normal,Good,9
41,No,Travel_Rarely,Research & Development,9,Master,Life Sciences,1772,High,Male,High,Entry,Laboratory Technician,Low,2289,20520,20,Excellent,Better,5
34,No,Non-Travel,Sales,10,Bachelor,Life Sciences,1774,Very High,Male,High,Junior,Sales Executive,High,4001,12313,14,Normal,Better,15
53,No,Non-Travel,Research & Development,1,Master,Medical,1775,Low,Female,Medium,Senior,Manufacturing Director,High,12965,22308,20,Excellent,Good,3
43,No,Travel_Rarely,Human Resources,2,Bachelor,Life Sciences,1778,Medium,Male,High,Entry,Human Resources,Very High,3539,5033,13,Normal,Better,9
34,No,Travel_Rarely,Sales,3,College,Life Sciences,1779,Very High,Female,Low,Junior,Sales Executive,Very High,6029,25353,12,Normal,Better,2
21,Yes,Travel_Rarely,Sales,7,Below College,Marketing,1780,Medium,Male,High,Entry,Sales Representative,Medium,2679,4567,13,Normal,Better,1
38,No,Travel_Rarely,Research & Development,6,College,Other,1782,Very High,Female,Medium,Entry,Laboratory Technician,High,3702,16376,11,Normal,Better,5
22,Yes,Travel_Rarely,Research & Development,8,Below College,Medical,1783,High,Female,High,Entry,Laboratory Technician,Low,2398,15999,17,Normal,Better,1
31,No,Travel_Rarely,Sales,29,Master,Marketing,1784,Low,Female,Medium,Junior,Sales Executive,Very High,5468,13402,14,Normal,Better,12
51,No,Travel_Rarely,Research & Development,3,Bachelor,Technical Degree,1786,Low,Female,High,Mid,Manager,High,13116,22984,11,Normal,Better,2
37,No,Travel_Rarely,Sales,9,College,Marketing,1787,Medium,Male,Medium,Junior,Sales Executive,Medium,4189,8800,14,Normal,Better,5
46,No,Travel_Rarely,Research & Development,2,Master,Medical,1789,High,Male,High,Executive,Research Director,Very High,19328,14218,17,Normal,Better,2
36,No,Travel_Rarely,Research & Development,10,Bachelor,Life Sciences,1790,Very High,Male,High,Mid,Healthcare Representative,Low,8321,25949,13,Normal,Better,12
44,Yes,Travel_Frequently,Research & Development,1,College,Medical,1792,High,Male,High,Entry,Research Scientist,Medium,2342,11092,12,Normal,Good,5
37,No,Travel_Rarely,Human Resources,8,College,Other,1794,High,Male,High,Junior,Human Resources,Medium,4071,12832,13,Normal,Good,10
35,Yes,Travel_Rarely,Sales,27,Bachelor,Life Sciences,1797,High,Male,High,Junior,Sales Executive,Very High,5813,13492,18,Normal,Better,10
33,No,Travel_Rarely,Research & Development,8,Master,Life Sciences,1798,Very High,Male,Very High,Entry,Research Scientist,Low,3143,6076,19,Normal,Better,10
28,No,Travel_Rarely,Research & Development,1,Bachelor,Life Sciences,1799,High,Male,High,Entry,Research Scientist,Very High,2044,5531,11,Normal,Best,5
39,No,Travel_Rarely,Research & Development,10,Below College,Medical,1800,High,Male,High,Mid,Research Director,High,13464,7914,21,Excellent,Better,4
46,No,Non-Travel,Sales,26,College,Life Sciences,1801,Medium,Male,Medium,Junior,Sales Executive,Medium,7991,25166,15,Normal,Better,2
40,No,Travel_Rarely,Research & Development,2,College,Life Sciences,1802,High,Female,High,Entry,Laboratory Technician,Low,3377,25605,17,Normal,Good,4
42,No,Travel_Rarely,Research & Development,13,Bachelor,Medical,1803,Medium,Male,Very High,Junior,Healthcare Representative,Low,5538,5696,18,Normal,Good,0
35,No,Non-Travel,Research & Development,2,College,Medical,1804,Medium,Male,High,Junior,Manufacturing Director,Very High,5762,24442,14,Normal,Better,7
38,No,Non-Travel,Human Resources,2,Bachelor,Human Resources,1805,Low,Male,High,Entry,Human Resources,Medium,2592,7129,13,Normal,Better,11
34,Yes,Travel_Frequently,Research & Development,9,Master,Life Sciences,1807,Very High,Male,High,Junior,Laboratory Technician,Low,5346,6208,17,Normal,Good,7
37,Yes,Travel_Rarely,Research & Development,10,Master,Medical,1809,Very High,Male,High,Junior,Manufacturing Director,Low,4213,4992,15,Normal,Bad,10
39,No,Travel_Frequently,Sales,20,Bachelor,Life Sciences,1812,High,Male,High,Junior,Sales Executive,Very High,4127,19188,18,Normal,Better,2
43,No,Non-Travel,Research & Development,9,Bachelor,Life Sciences,1813,Low,Male,High,Entry,Research Scientist,High,2438,24978,13,Normal,Good,3
41,No,Travel_Rarely,Research & Development,5,Bachelor,Life Sciences,1814,Medium,Male,Very High,Junior,Healthcare Representative,Medium,6870,15530,12,Normal,Bad,3
41,No,Travel_Rarely,Sales,4,Below College,Marketing,1815,High,Female,High,Mid,Sales Executive,High,10447,26458,13,Normal,Best,22
30,No,Travel_Rarely,Research & Development,10,Bachelor,Medical,1816,Low,Female,High,Mid,Manufacturing Director,High,9667,2739,14,Normal,Better,7
26,Yes,Travel_Rarely,Human Resources,20,College,Medical,1818,Very High,Female,High,Entry,Human Resources,Medium,2148,6889,11,Normal,Better,5
46,Yes,Travel_Rarely,Research & Development,21,College,Medical,1821,Very High,Female,High,Junior,Healthcare Representative,Medium,8926,10842,22,Excellent,Best,9
40,No,Travel_Rarely,Research & Development,1,Bachelor,Life Sciences,1822,High,Female,High,Junior,Healthcare Representative,Very High,6513,9060,17,Normal,Better,5
34,No,Travel_Rarely,Sales,8,College,Technical Degree,1823,Medium,Male,Very High,Junior,Sales Executive,High,6799,22128,21,Excellent,Better,10
58,No,Non-Travel,Sales,2,Bachelor,Medical,1824,Medium,Male,High,Senior,Manager,Medium,16291,22577,22,Excellent,Good,16
35,No,Travel_Rarely,Research & Development,23,Master,Medical,1826,Medium,Male,Low,Entry,Laboratory Technician,High,2705,9696,16,Normal,Best,5
47,No,Travel_Rarely,Research & Development,4,Bachelor,Life Sciences,1827,High,Female,Medium,Mid,Manufacturing Director,Medium,10333,19271,12,Normal,Better,22
40,No,Travel_Rarely,Research & Development,12,Bachelor,Life Sciences,1829,Medium,Female,High,Junior,Healthcare Representative,Low,4448,10748,12,Normal,Better,7
54,No,Travel_Rarely,Research & Development,7,Master,Medical,1830,Very High,Female,High,Junior,Research Scientist,Very High,6854,15696,15,Normal,Good,7
31,No,Travel_Frequently,Sales,7,Master,Marketing,1833,Low,Female,High,Mid,Sales Executive,Low,9637,8277,14,Normal,Better,3
28,No,Travel_Rarely,Research & Development,1,Bachelor,Medical,1834,High,Female,High,Entry,Research Scientist,Low,3591,12719,25,Excellent,Better,3
38,No,Travel_Rarely,Sales,2,Master,Marketing,1835,Medium,Female,Low,Junior,Sales Representative,Very High,5405,4244,20,Excellent,Good,4
26,No,Travel_Rarely,Sales,10,Bachelor,Medical,1836,High,Male,High,Junior,Sales Executive,Very High,4684,9125,13,Normal,Better,5
58,No,Travel_Frequently,Research & Development,15,Master,Life Sciences,1837,Low,Male,High,Senior,Research Director,High,15787,21624,14,Normal,Better,2
18,No,Non-Travel,Research & Development,14,Bachelor,Medical,1839,Medium,Female,High,Entry,Research Scientist,High,1514,8018,16,Normal,Bad,0
31,Yes,Travel_Rarely,Human Resources,18,Doctor,Human Resources,1842,Very High,Male,Very High,Entry,Human Resources,Low,2956,21495,17,Normal,Better,1
29,Yes,Travel_Rarely,Human Resources,13,Bachelor,Human Resources,1844,Low,Male,Medium,Entry,Human Resources,Low,2335,3157,15,Normal,Better,2
45,No,Non-Travel,Sales,2,Master,Life Sciences,1845,High,Female,High,Junior,Sales Executive,High,5154,19665,22,Excellent,Best,8
36,No,Travel_Rarely,Research & Development,2,Master,Other,1847,Very High,Female,High,Junior,Research Scientist,Medium,6962,19573,22,Excellent,Better,1
43,No,Travel_Frequently,Sales,2,Master,Life Sciences,1849,Low,Male,High,Junior,Sales Executive,Very High,5675,19246,20,Excellent,Better,7
27,No,Travel_Frequently,Research & Development,5,College,Life Sciences,1850,Very High,Female,High,Entry,Laboratory Technician,Very High,2379,19826,14,Normal,Good,5
29,No,Travel_Frequently,Research & Development,20,Below College,Medical,1852,Very High,Male,High,Entry,Laboratory Technician,Very High,3812,7003,13,Normal,Best,11
32,No,Travel_Frequently,Sales,10,Master,Marketing,1853,Very High,Male,High,Junior,Sales Executive,Very High,4648,26075,13,Normal,Best,0
42,No,Non-Travel,Research & Development,10,Master,Technical Degree,1854,High,Male,High,Entry,Research Scientist,High,2936,6161,22,Excellent,Good,6
47,No,Travel_Rarely,Research & Development,9,Master,Life Sciences,1856,Medium,Female,High,Entry,Laboratory Technician,High,2105,5411,12,Normal,Better,2
46,No,Travel_Rarely,Research & Development,2,College,Life Sciences,1857,Very High,Male,High,Mid,Manufacturing Director,Very High,8578,19989,14,Normal,Good,9
28,No,Non-Travel,Human Resources,1,College,Life Sciences,1858,High,Male,High,Entry,Human Resources,Very High,2706,10494,15,Normal,Better,3
29,No,Travel_Rarely,Research & Development,29,Below College,Life Sciences,1859,Very High,Male,Low,Junior,Healthcare Representative,High,6384,21143,17,Normal,Better,7
42,No,Travel_Rarely,Research & Development,8,Bachelor,Life Sciences,1860,Very High,Male,High,Entry,Laboratory Technician,High,3968,13624,13,Normal,Better,0
32,Yes,Travel_Rarely,Sales,2,Master,Marketing,1862,High,Male,Medium,Junior,Sales Executive,Medium,9907,26186,12,Normal,Good,2
46,No,Travel_Rarely,Sales,3,Bachelor,Technical Degree,1863,Low,Female,Very High,Senior,Sales Executive,Low,13225,7739,12,Normal,Better,19
27,No,Travel_Rarely,Sales,23,Below College,Medical,1864,Medium,Female,Medium,Junior,Sales Representative,High,3540,7018,21,Excellent,Better,9
29,No,Travel_Rarely,Human Resources,6,Below College,Medical,1865,Very High,Male,Medium,Entry,Human Resources,Medium,2804,15434,11,Normal,Better,1
43,No,Travel_Rarely,Research & Development,6,Bachelor,Medical,1866,Low,Female,Medium,Executive,Manager,High,19392,22539,13,Normal,Better,16
48,No,Travel_Rarely,Research & Development,10,Bachelor,Life Sciences,1867,Very High,Male,Medium,Executive,Research Director,Medium,19665,13583,12,Normal,Better,22
29,Yes,Travel_Frequently,Research & Development,24,College,Life Sciences,1868,Very High,Male,Medium,Entry,Research Scientist,Very High,2439,14753,24,Excellent,Good,1
46,Yes,Travel_Rarely,Sales,10,Bachelor,Life Sciences,1869,High,Female,High,Mid,Sales Executive,Medium,7314,14011,21,Excellent,Better,8
27,No,Travel_Frequently,Research & Development,15,Bachelor,Life Sciences,1870,Very High,Female,Medium,Entry,Research Scientist,Low,4774,23844,19,Normal,Good,7
39,No,Travel_Rarely,Research & Development,19,Master,Other,1871,Very High,Male,High,Junior,Research Scientist,Very High,3902,5141,14,Normal,Better,2
55,No,Travel_Rarely,Research & Development,2,Master,Technical Degree,1873,Medium,Male,Medium,Entry,Research Scientist,Very High,2662,7975,20,Excellent,Best,5
28,No,Travel_Rarely,Sales,3,Bachelor,Medical,1875,Medium,Female,High,Entry,Sales Representative,Medium,2856,3692,19,Normal,Better,1
30,Yes,Travel_Rarely,Sales,9,Bachelor,Medical,1876,Medium,Male,High,Entry,Sales Representative,Very High,1081,16019,13,Normal,Good,1
22,Yes,Travel_Rarely,Research & Development,7,Below College,Life Sciences,1878,Very High,Male,High,Entry,Research Scientist,Medium,2472,26092,23,Excellent,Better,1
36,No,Travel_Rarely,Sales,10,Master,Technical Degree,1880,Medium,Female,Medium,Junior,Sales Executive,High,5673,6060,13,Normal,Better,10
31,No,Travel_Rarely,Research & Development,20,Bachelor,Life Sciences,1881,Medium,Male,High,Junior,Laboratory Technician,High,4197,18624,11,Normal,Better,10
34,No,Travel_Rarely,Sales,4,Bachelor,Life Sciences,1882,High,Male,High,Mid,Sales Executive,Very High,9713,24444,13,Normal,Better,5
29,No,Travel_Rarely,Research & Development,7,Bachelor,Life Sciences,1883,Very High,Male,High,Entry,Laboratory Technician,Low,2062,19384,14,Normal,Better,3
37,No,Travel_Rarely,Research & Development,7,Master,Medical,1885,Very High,Male,High,Junior,Research Scientist,Low,4284,13588,22,Excellent,Better,5
35,No,Travel_Rarely,Research & Development,16,College,Other,1886,Very High,Female,Medium,Junior,Manufacturing Director,Medium,4788,25388,11,Normal,Better,3
45,No,Travel_Rarely,Research & Development,25,College,Life Sciences,1888,Medium,Female,Medium,Junior,Manufacturing Director,Very High,5906,23888,13,Normal,Good,9
36,No,Travel_Frequently,Human Resources,2,Below College,Human Resources,1890,Medium,Male,Medium,Junior,Human Resources,Very High,3886,4223,21,Excellent,Good,10
40,No,Travel_Rarely,Research & Development,1,Master,Life Sciences,1892,Low,Male,High,Senior,Manager,Low,16823,18991,11,Normal,Better,19
26,No,Travel_Rarely,Research & Development,1,College,Life Sciences,1893,Medium,Female,Medium,Entry,Research Scientist,High,2933,14908,13,Normal,Good,1
27,No,Travel_Rarely,Sales,2,College,Medical,1898,Low,Female,Very High,Junior,Sales Executive,High,6500,26997,14,Normal,Good,8
48,No,Travel_Frequently,Research & Development,22,Bachelor,Medical,1900,Very High,Female,High,Senior,Manager,Very High,17174,2437,11,Normal,Better,22
44,No,Travel_Rarely,Research & Development,1,Master,Life Sciences,1903,Medium,Male,Very High,Junior,Healthcare Representative,Low,5033,9364,15,Normal,Better,2
34,Yes,Non-Travel,Research & Development,16,Master,Technical Degree,1905,Very High,Male,Low,Entry,Research Scientist,Low,2307,14460,23,Excellent,Better,5
56,Yes,Travel_Rarely,Research & Development,24,College,Life Sciences,1907,Low,Male,High,Entry,Laboratory Technician,Very High,2587,10261,16,Normal,Better,4
36,No,Travel_Rarely,Sales,17,College,Marketing,1908,High,Male,Medium,Junior,Sales Executive,Medium,5507,16822,16,Normal,Bad,4
41,No,Travel_Rarely,Sales,8,Bachelor,Marketing,1909,High,Female,High,Junior,Sales Executive,Medium,4393,26841,21,Excellent,Better,5
42,No,Travel_Rarely,Research & Development,6,Bachelor,Medical,1911,High,Male,High,Mid,Research Director,Low,13348,14842,13,Normal,Best,13
31,No,Travel_Rarely,Sales,10,College,Medical,1912,High,Female,High,Junior,Sales Executive,Very High,6583,20115,11,Normal,Better,5
34,No,Travel_Rarely,Sales,3,Below College,Medical,1915,Very High,Female,Medium,Junior,Sales Executive,Very High,8103,16495,12,Normal,Good,4
31,No,Travel_Rarely,Research & Development,4,Bachelor,Medical,1916,Low,Female,Very High,Entry,Laboratory Technician,High,3978,16031,12,Normal,Good,2
26,No,Travel_Frequently,Research & Development,6,Bachelor,Other,1918,High,Male,Very High,Entry,Laboratory Technician,Very High,2544,7102,18,Normal,Better,7
45,No,Travel_Frequently,Research & Development,1,Master,Medical,1922,Medium,Male,High,Junior,Healthcare Representative,High,5399,14511,12,Normal,Better,4
33,No,Travel_Rarely,Sales,10,Master,Marketing,1924,Medium,Male,High,Junior,Sales Executive,High,5487,10410,14,Normal,Good,10
28,No,Travel_Frequently,Sales,1,College,Life Sciences,1927,High,Male,Medium,Junior,Sales Executive,Very High,6834,19255,12,Normal,Better,7
29,Yes,Travel_Frequently,Sales,24,Bachelor,Technical Degree,1928,High,Male,Very High,Entry,Sales Representative,Low,1091,10642,17,Normal,Better,1
39,No,Non-Travel,Sales,21,Master,Life Sciences,1929,Low,Female,Low,Junior,Sales Executive,High,5736,3987,19,Normal,Better,3
27,No,Travel_Rarely,Research & Development,2,Master,Technical Degree,1931,Medium,Male,High,Entry,Research Scientist,Medium,2226,6073,11,Normal,Good,5
34,No,Travel_Frequently,Research & Development,22,Master,Other,1932,High,Male,Medium,Junior,Research Scientist,Very High,5747,26496,15,Normal,Better,15
28,Yes,Travel_Rarely,Sales,13,College,Marketing,1933,Very High,Female,High,Junior,Sales Executive,High,9854,23352,11,Normal,Better,2
47,No,Non-Travel,Research & Development,14,Master,Technical Degree,1934,High,Male,High,Junior,Research Scientist,Medium,5467,2125,18,Normal,Best,8
56,No,Travel_Rarely,Sales,11,Doctor,Marketing,1935,Very High,Female,Medium,Junior,Sales Executive,Low,5380,20328,16,Normal,Better,0
39,No,Travel_Rarely,Research & Development,9,College,Medical,1936,Low,Male,High,Junior,Manufacturing Director,Low,5151,12315,25,Excellent,Better,10
38,No,Travel_Frequently,Research & Development,8,Bachelor,Medical,1937,Very High,Female,Medium,Junior,Research Scientist,Medium,2133,18115,16,Normal,Better,20
58,No,Travel_Rarely,Sales,21,Bachelor,Life Sciences,1938,Very High,Female,High,Senior,Manager,Very High,17875,11761,13,Normal,Good,1
32,Yes,Travel_Frequently,Research & Development,5,College,Life Sciences,1939,Low,Female,Very High,Entry,Research Scientist,High,2432,15318,14,Normal,Better,4
38,No,Travel_Rarely,Research & Development,9,College,Life Sciences,1940,Medium,Male,High,Entry,Research Scientist,Very High,4771,14293,19,Normal,Best,5
49,No,Travel_Frequently,Research & Development,2,Below College,Life Sciences,1941,Medium,Male,High,Executive,Research Director,Very High,19161,13738,15,Normal,Better,5
42,No,Travel_Rarely,Sales,12,Master,Marketing,1943,Medium,Male,High,Junior,Sales Executive,Very High,5087,2900,12,Normal,Better,0
27,Yes,Travel_Frequently,Human Resources,22,Bachelor,Human Resources,1944,Low,Female,Medium,Entry,Human Resources,Medium,2863,19555,12,Normal,Better,1
35,No,Travel_Rarely,Sales,18,Master,Medical,1945,Medium,Male,High,Junior,Sales Executive,Low,5561,15975,16,Normal,Bad,5
28,No,Non-Travel,Research & Development,16,Bachelor,Medical,1947,High,Male,High,Entry,Research Scientist,High,2144,2122,14,Normal,Good,5
31,No,Non-Travel,Research & Development,3,College,Medical,1948,High,Male,High,Entry,Research Scientist,Low,3065,3995,13,Normal,Best,4
36,No,Non-Travel,Research & Development,9,Master,Life Sciences,1949,Low,Male,Very High,Entry,Laboratory Technician,Medium,2810,9238,22,Excellent,Better,5
34,No,Travel_Rarely,Sales,1,Bachelor,Marketing,1950,Low,Male,High,Mid,Sales Executive,Very High,9888,6770,21,Excellent,Good,14
34,No,Travel_Rarely,Sales,13,Master,Medical,1951,Very High,Male,High,Mid,Sales Executive,High,8628,22914,18,Normal,Good,8
26,No,Travel_Rarely,Research & Development,1,Bachelor,Medical,1952,High,Male,High,Entry,Laboratory Technician,Low,2867,20006,13,Normal,Good,7
29,No,Travel_Rarely,Research & Development,1,Bachelor,Life Sciences,1954,Low,Male,High,Junior,Healthcare Representative,Low,5373,6225,12,Normal,Good,5
32,No,Non-Travel,Research & Development,15,Master,Medical,1955,High,Female,High,Junior,Healthcare Representative,Very High,6667,16542,18,Normal,Better,5
31,No,Travel_Frequently,Research & Development,1,Bachelor,Life Sciences,1956,Very High,Male,Low,Junior,Research Scientist,Low,5003,5771,21,Excellent,Better,10
28,Yes,Travel_Rarely,Research & Development,17,Bachelor,Technical Degree,1960,High,Male,Medium,Entry,Laboratory Technician,Very High,2367,18779,12,Normal,Good,4
38,No,Travel_Rarely,Sales,1,Bachelor,Life Sciences,1961,Low,Male,Medium,Entry,Sales Representative,Low,2858,11473,14,Normal,Good,1
35,No,Travel_Rarely,Sales,7,Master,Life Sciences,1962,High,Female,High,Junior,Sales Executive,Very High,5204,13586,11,Normal,Better,10
27,No,Travel_Rarely,Sales,9,Bachelor,Marketing,1965,Very High,Male,High,Junior,Sales Executive,Very High,4105,5099,14,Normal,Better,7
32,No,Travel_Rarely,Research & Development,5,Master,Life Sciences,1966,Very High,Male,Medium,Junior,Manufacturing Director,Very High,9679,10138,24,Excellent,Better,1
31,Yes,Travel_Frequently,Sales,26,Master,Marketing,1967,Low,Male,High,Junior,Sales Executive,Very High,5617,21075,11,Normal,Better,10
53,Yes,Travel_Rarely,Sales,24,Master,Life Sciences,1968,Low,Male,High,Mid,Sales Executive,Low,10448,5843,13,Normal,Good,2
54,No,Travel_Rarely,Research & Development,9,College,Life Sciences,1969,Low,Female,High,Junior,Research Scientist,High,2897,22474,11,Normal,Good,4
33,No,Travel_Frequently,Research & Development,7,College,Life Sciences,1970,Very High,Male,High,Junior,Healthcare Representative,High,5968,18079,20,Excellent,Better,9
43,No,Travel_Rarely,Research & Development,11,Bachelor,Life Sciences,1971,Low,Male,High,Mid,Healthcare Representative,High,7510,16873,17,Normal,Better,10
38,No,Travel_Frequently,Human Resources,1,Master,Other,1972,Very High,Male,High,Entry,Human Resources,Medium,2991,5224,11,Normal,Better,6
55,No,Travel_Rarely,Human Resources,26,Master,Human Resources,1973,High,Male,Very High,Executive,Manager,Medium,19636,25811,18,Normal,Better,10
31,No,Travel_Rarely,Research & Development,2,Below College,Medical,1974,Very High,Female,Low,Entry,Laboratory Technician,Very High,1129,17536,11,Normal,Better,1
39,No,Travel_Rarely,Sales,15,Master,Marketing,1975,Medium,Male,High,Senior,Sales Executive,Low,13341,25098,12,Normal,Better,20
42,No,Non-Travel,Research & Development,23,College,Life Sciences,1976,Very High,Male,Medium,Junior,Research Scientist,High,4332,14811,12,Normal,Better,20
31,No,Non-Travel,Research & Development,10,Bachelor,Medical,1979,High,Female,High,Mid,Research Director,High,11031,26862,20,Excellent,Best,11
54,No,Travel_Rarely,Research & Development,10,Bachelor,Medical,1980,High,Female,High,Junior,Manufacturing Director,Low,4440,25198,19,Normal,Better,5
24,No,Travel_Rarely,Research & Development,1,College,Life Sciences,1981,Medium,Male,Medium,Junior,Healthcare Representative,High,4617,14120,12,Normal,Good,4
23,No,Travel_Rarely,Research & Development,12,College,Other,1982,Very High,Male,High,Entry,Laboratory Technician,Very High,2647,13672,13,Normal,Best,5
40,No,Travel_Frequently,Research & Development,11,Bachelor,Technical Degree,1985,Very High,Female,High,Junior,Laboratory Technician,High,6323,26849,11,Normal,Best,10
40,No,Travel_Rarely,Sales,2,College,Marketing,1986,Medium,Female,High,Junior,Sales Executive,Medium,5677,4258,14,Normal,Better,11
25,No,Travel_Rarely,Human Resources,2,Bachelor,Human Resources,1987,High,Female,High,Entry,Human Resources,Medium,2187,19655,14,Normal,Better,2
30,No,Travel_Rarely,Research & Development,1,College,Medical,1989,Very High,Male,High,Entry,Laboratory Technician,Medium,3748,4077,13,Normal,Good,12
25,No,Travel_Rarely,Research & Development,2,Below College,Other,1992,Very High,Male,High,Entry,Laboratory Technician,High,3977,7298,19,Normal,Good,2
47,No,Travel_Rarely,Research & Development,25,Bachelor,Medical,1993,Low,Male,High,Mid,Healthcare Representative,High,8633,13084,23,Excellent,Better,17
33,No,Non-Travel,Research & Development,1,College,Medical,1994,Medium,Male,Medium,Entry,Laboratory Technician,High,2008,20439,12,Normal,Good,1
38,No,Travel_Rarely,Sales,1,Master,Life Sciences,1995,Very High,Male,High,Junior,Sales Executive,Medium,4440,7636,15,Normal,Better,15
31,No,Travel_Rarely,Sales,2,College,Life Sciences,1996,Low,Male,High,Entry,Sales Representative,High,3067,6393,19,Normal,Better,2
38,No,Travel_Frequently,Research & Development,6,Master,Life Sciences,1997,Low,Male,Medium,Junior,Manufacturing Director,High,5321,14284,11,Normal,Better,8
42,No,Travel_Rarely,Research & Development,18,Master,Life Sciences,1998,Very High,Male,High,Junior,Research Scientist,Low,5410,11189,17,Normal,Good,4
41,No,Travel_Rarely,Research & Development,1,Bachelor,Life Sciences,1999,Very High,Male,High,Entry,Research Scientist,Very High,2782,21412,22,Excellent,Better,5
47,No,Non-Travel,Research & Development,1,Below College,Medical,2000,High,Female,High,Mid,Research Director,Medium,11957,17231,18,Normal,Bad,13
35,No,Travel_Rarely,Research & Development,11,Master,Medical,2003,Very High,Male,High,Entry,Laboratory Technician,High,2660,20232,11,Normal,Better,2
22,No,Travel_Rarely,Research & Development,1,College,Life Sciences,2007,Very High,Male,High,Entry,Research Scientist,High,3375,17624,12,Normal,Best,3
35,No,Travel_Rarely,Research & Development,9,Master,Medical,2008,Medium,Male,High,Junior,Research Scientist,High,5098,18698,19,Normal,Better,10
33,No,Travel_Rarely,Research & Development,15,College,Medical,2009,Medium,Female,High,Junior,Healthcare Representative,Very High,4878,21653,13,Normal,Better,9
32,No,Travel_Rarely,Research & Development,29,Master,Life Sciences,2010,High,Female,Medium,Entry,Laboratory Technician,Medium,2837,15919,13,Normal,Better,6
40,No,Travel_Rarely,Research & Development,1,Master,Life Sciences,2012,Low,Male,High,Entry,Laboratory Technician,Very High,2406,4060,19,Normal,Good,1
32,No,Travel_Rarely,Sales,1,Master,Medical,2013,Medium,Male,Medium,Entry,Sales Representative,Medium,2269,18024,14,Normal,Better,2
39,No,Travel_Rarely,Research & Development,24,Below College,Life Sciences,2014,Low,Male,High,Junior,Research Scientist,Very High,4108,5340,13,Normal,Better,7
38,No,Travel_Rarely,Research & Development,10,Bachelor,Medical,2015,Medium,Female,Low,Mid,Research Director,High,13206,3376,12,Normal,Better,18
32,No,Travel_Rarely,Sales,1,Master,Marketing,2016,High,Female,High,Mid,Sales Executive,Very High,10422,24032,19,Normal,Better,14
37,No,Travel_Rarely,Research & Development,10,Bachelor,Life Sciences,2017,High,Female,Very High,Mid,Research Director,Very High,13744,15471,25,Excellent,Better,16
25,No,Travel_Rarely,Sales,8,College,Other,2018,Low,Female,High,Junior,Sales Executive,High,4907,13684,22,Excellent,Good,5
52,No,Non-Travel,Sales,29,Master,Life Sciences,2019,Low,Male,High,Entry,Sales Representative,Very High,3482,19788,15,Normal,Good,9
44,No,Travel_Rarely,Research & Development,1,Bachelor,Medical,2020,Medium,Male,High,Entry,Research Scientist,Very High,2436,13422,12,Normal,Better,4
21,No,Travel_Rarely,Sales,5,Below College,Medical,2021,High,Male,High,Entry,Sales Representative,Low,2380,25479,11,Normal,Better,2
39,No,Non-Travel,Research & Development,9,Bachelor,Life Sciences,2022,Very High,Male,High,Executive,Manager,Very High,19431,15302,13,Normal,Good,6
23,Yes,Travel_Frequently,Sales,9,Bachelor,Marketing,2023,Very High,Male,High,Entry,Sales Representative,Low,1790,26956,19,Normal,Good,1
36,No,Travel_Rarely,Sales,3,Bachelor,Medical,2024,Low,Female,Medium,Mid,Sales Executive,Very High,7644,12695,19,Normal,Better,9
36,No,Travel_Frequently,Research & Development,4,College,Life Sciences,2025,Very High,Female,High,Junior,Manufacturing Director,Medium,5131,9192,13,Normal,Better,4
56,No,Non-Travel,Research & Development,1,Master,Life Sciences,2026,High,Male,High,Junior,Healthcare Representative,High,6306,26236,21,Excellent,Good,13
29,Yes,Travel_Rarely,Research & Development,1,Master,Medical,2027,Low,Male,High,Entry,Research Scientist,Very High,4787,26124,14,Normal,Best,2
42,No,Travel_Rarely,Research & Development,2,Bachelor,Life Sciences,2031,Low,Male,High,Executive,Manager,High,18880,17312,11,Normal,Good,22
56,Yes,Travel_Rarely,Research & Development,7,College,Technical Degree,2032,Very High,Male,High,Entry,Laboratory Technician,High,2339,3666,11,Normal,Bad,10
41,No,Travel_Rarely,Research & Development,28,Master,Life Sciences,2034,Low,Female,Medium,Senior,Manufacturing Director,Medium,13570,5640,23,Excellent,Better,20
34,No,Travel_Rarely,Sales,28,Bachelor,Marketing,2035,Very High,Female,Medium,Junior,Sales Executive,High,6712,8978,21,Excellent,Better,8
36,No,Non-Travel,Sales,15,Master,Marketing,2036,Very High,Male,Low,Junior,Sales Executive,Very High,5406,10436,24,Excellent,Good,15
41,No,Travel_Rarely,Sales,3,Bachelor,Life Sciences,2037,High,Male,Medium,Junior,Sales Executive,Medium,8938,12227,11,Normal,Better,5
32,No,Travel_Rarely,Research & Development,2,Bachelor,Technical Degree,2038,Very High,Male,High,Entry,Research Scientist,Low,2439,11288,14,Normal,Better,4
35,No,Travel_Rarely,Human Resources,26,Master,Life Sciences,2040,High,Female,High,Mid,Human Resources,Very High,8837,16642,16,Normal,Better,9
38,No,Travel_Rarely,Sales,10,College,Life Sciences,2041,Low,Female,High,Junior,Sales Executive,Very High,5343,5982,11,Normal,Better,10
50,Yes,Travel_Frequently,Sales,1,Master,Life Sciences,2044,Medium,Male,High,Junior,Sales Executive,High,6728,14255,12,Normal,Better,6
36,No,Travel_Rarely,Sales,11,Master,Marketing,2045,Medium,Female,Medium,Junior,Sales Executive,Very High,6652,14369,13,Normal,Good,6
45,No,Travel_Rarely,Sales,20,Bachelor,Life Sciences,2046,Very High,Female,High,Junior,Sales Executive,High,4850,23333,15,Normal,Better,5
40,No,Travel_Rarely,Research & Development,2,Master,Life Sciences,2048,High,Male,Medium,Entry,Research Scientist,High,2809,2725,14,Normal,Better,2
35,No,Travel_Frequently,Research & Development,18,Master,Life Sciences,2049,High,Male,High,Junior,Healthcare Representative,High,5689,24594,14,Normal,Best,10
40,No,Travel_Rarely,Research & Development,2,Master,Medical,2051,High,Female,High,Entry,Research Scientist,High,2001,12549,14,Normal,Better,5
35,No,Travel_Rarely,Research & Development,1,Master,Life Sciences,2052,High,Female,Low,Entry,Research Scientist,Very High,2977,8952,12,Normal,Better,4
29,No,Travel_Rarely,Research & Development,13,College,Other,2053,Very High,Male,Medium,Junior,Laboratory Technician,Medium,4025,23679,13,Normal,Better,4
29,No,Travel_Rarely,Research & Development,28,Master,Medical,2054,Very High,Female,Medium,Entry,Research Scientist,Low,3785,8489,14,Normal,Bad,5
50,Yes,Travel_Rarely,Sales,28,Bachelor,Marketing,2055,Very High,Male,Medium,Mid,Sales Executive,Low,10854,16586,13,Normal,Better,3
39,No,Travel_Rarely,Sales,24,Below College,Marketing,2056,Medium,Female,Medium,Senior,Sales Executive,Very High,12031,8828,11,Normal,Good,20
31,No,Non-Travel,Research & Development,5,Bachelor,Medical,2057,Medium,Male,High,Junior,Manufacturing Director,Low,9936,3787,19,Normal,Better,9
26,No,Travel_Rarely,Sales,5,Bachelor,Other,2060,Very High,Female,Medium,Entry,Sales Representative,High,2966,21378,18,Normal,Better,4
36,No,Travel_Frequently,Research & Development,23,College,Medical,2061,High,Male,Very High,Junior,Laboratory Technician,Very High,2571,12290,17,Normal,Better,5
39,No,Travel_Rarely,Research & Development,6,Below College,Medical,2062,Very High,Male,Medium,Mid,Healthcare Representative,Low,9991,21457,15,Normal,Better,7
27,No,Travel_Rarely,Research & Development,4,Bachelor,Life Sciences,2064,Medium,Male,Very High,Junior,Manufacturing Director,Medium,6142,5174,20,Excellent,Better,6
49,No,Travel_Frequently,Sales,2,Bachelor,Medical,2065,Very High,Male,Medium,Junior,Sales Executive,Medium,5390,13243,14,Normal,Good,9
34,No,Travel_Rarely,Research & Development,8,Bachelor,Medical,2068,Medium,Male,Very High,Junior,Laboratory Technician,High,4404,10228,12,Normal,Best,4
